user_id,registration_date,state,primary_sport,segment_label,days_since_last_bet,days_since_last_deposit,bet_freq_30d,avg_bet_size,parlay_rate,live_bet_rate,ngr_90d,promo_redemption_rate,n_promos_received_1y,avg_promo_value_received,propensity_score,lift_probability,churn_risk_30d,composite_score,optimal_offer_size
u_10000,2024-03-28,IL,NFL,casual,0,7,0.283,20.6,0.27,0.16,42.74,1.0,2,23.24,0.372,0.457,0.295,0.0848,32.93
u_10001,2024-05-24,VA,NBA,always_on,0,4,0.783,36.09,0.29,0.36,326.09,0.0,1,45.99,0.842,0.145,0.048,0.0011,54.09
u_10002,2024-03-28,MI,NHL,active_mid,0,8,0.543,31.36,0.34,0.29,226.19,0.0,1,0.0,0.531,0.358,0.171,0.0288,49.34
u_10003,2024-02-07,CO,MLB,bonus_seeker,4,1,0.391,24.02,0.56,0.08,43.02,0.0,0,0.0,0.437,0.494,0.385,0.1073,17.39
u_10004,2023-02-10,NY,NHL,dormant_high_value,4,5,0.13,15.71,0.2,0.17,80.2,1.0,3,52.3,0.148,0.789,0.366,0.2458,27.07
u_10005,2023-09-30,PA,MLB,dormant_high_value,5,10,0.272,18.97,0.23,0.2,110.9,1.0,2,68.82,0.169,0.735,0.346,0.2112,18.5
u_10006,2024-05-05,CO,MLB,dormant_high_value,3,17,0.152,17.17,0.3,0.21,77.97,0.5,2,17.2,0.212,0.743,0.408,0.2388,19.95
u_10007,2023-02-24,IN,NHL,always_on,0,50,0.772,37.72,0.23,0.43,472.53,0.0,1,0.0,0.8,0.11,0.011,0.0002,91.28
u_10008,2024-04-12,CO,NFL,active_mid,0,1,0.62,30.54,0.36,0.29,189.03,0.5,2,32.1,0.61,0.481,0.287,0.0539,37.71
u_10009,2023-04-01,IN,NBA,active_mid,1,10,0.424,25.98,0.31,0.25,66.73,0.0,1,12.4,0.592,0.378,0.318,0.049,32.04
u_10010,2023-04-27,IL,NFL,dormant_high_value,12,0,0.217,17.66,0.23,0.19,153.27,0.667,3,42.55,0.144,0.697,0.42,0.2504,23.62
u_10011,2024-03-20,NJ,Other,always_on,0,12,0.707,35.43,0.13,0.41,272.99,1.0,1,80.25,0.795,0.215,0.145,0.0064,75.26
u_10012,2023-02-23,TN,Other,active_mid,0,4,0.63,32.17,0.3,0.26,271.25,0.0,1,10.74,0.646,0.315,0.01,0.0011,58.28
u_10013,2023-03-18,CO,NFL,casual,5,4,0.261,21.74,0.4,0.18,88.76,1.0,1,49.07,0.254,0.652,0.395,0.1921,25.75
u_10014,2024-02-27,PA,MLB,dormant_high_value,9,3,0.239,18.8,0.18,0.23,150.76,0.5,2,27.67,0.285,0.58,0.284,0.1177,40.76
u_10015,2023-08-20,IL,Other,dormant_high_value,1,2,0.315,21.25,0.2,0.17,163.78,0.667,3,22.2,0.238,0.644,0.225,0.1106,33.56
u_10016,2023-05-20,NJ,NFL,casual,0,10,0.38,25.0,0.3,0.14,41.44,0.0,1,0.0,0.354,0.58,0.244,0.0913,17.25
u_10017,2024-04-21,IL,NBA,bonus_seeker,4,9,0.435,27.12,0.42,0.06,28.35,0.0,0,0.0,0.363,0.533,0.314,0.1066,21.08
u_10018,2023-06-03,CO,Other,casual,3,5,0.196,16.85,0.3,0.12,36.05,1.0,1,16.03,0.221,0.758,0.322,0.1901,25.38
u_10019,2024-08-25,PA,NFL,casual,4,10,0.283,21.74,0.44,0.15,32.9,1.0,2,52.97,0.264,0.648,0.326,0.1552,22.95
u_10020,2023-02-03,VA,MLB,active_mid,0,5,0.522,28.75,0.27,0.32,169.71,0.0,1,14.89,0.531,0.361,0.01,0.0017,32.62
u_10021,2023-10-01,CO,NFL,dormant_high_value,4,0,0.228,18.32,0.3,0.21,72.83,0.667,3,17.38,0.177,0.756,0.27,0.1676,26.57
u_10022,2024-04-14,NY,Other,casual,0,2,0.239,19.95,0.39,0.15,43.02,1.0,1,44.3,0.25,0.643,0.439,0.2118,25.12
u_10023,2024-06-08,PA,Other,casual,4,1,0.25,20.6,0.35,0.11,25.56,1.0,1,17.91,0.314,0.587,0.417,0.1681,17.49
u_10024,2023-07-20,VA,Other,bonus_seeker,0,12,0.315,21.74,0.54,0.12,11.77,0.0,0,0.0,0.425,0.482,0.272,0.0754,15.0
u_10025,2023-01-18,NJ,NBA,active_mid,1,26,0.543,29.4,0.26,0.24,139.38,0.5,2,34.9,0.503,0.403,0.249,0.0499,38.44
u_10026,2024-04-18,NY,NHL,dormant_high_value,1,21,0.185,15.38,0.27,0.21,87.22,0.5,2,22.22,0.201,0.712,0.156,0.089,22.67
u_10027,2023-09-04,NJ,NHL,bonus_seeker,3,4,0.38,25.16,0.47,0.06,19.99,1.0,1,20.89,0.462,0.434,0.118,0.0275,27.16
u_10028,2023-01-07,NJ,NFL,bonus_seeker,4,1,0.239,17.83,0.53,0.11,15.46,0.0,0,0.0,0.249,0.618,0.376,0.1741,15.0
u_10029,2023-06-30,MI,NHL,dormant_high_value,6,17,0.326,21.74,0.29,0.2,128.17,0.5,2,36.56,0.322,0.642,0.118,0.0514,42.81
u_10030,2024-06-14,MA,NFL,active_mid,0,12,0.565,34.29,0.28,0.3,87.83,0.0,1,15.4,0.596,0.242,0.333,0.0325,25.01
u_10031,2023-12-26,PA,NBA,dormant_high_value,2,19,0.261,17.34,0.25,0.2,64.07,0.5,2,36.28,0.212,0.615,0.388,0.1881,15.0
u_10032,2024-05-22,MA,NFL,dormant_high_value,13,3,0.13,16.2,0.24,0.19,77.21,0.5,2,19.23,0.107,0.748,0.391,0.2611,26.95
u_10033,2023-12-25,PA,NFL,always_on,0,2,0.815,40.16,0.14,0.34,470.02,0.0,2,24.95,0.848,0.023,0.016,0.0001,92.02
u_10034,2024-10-13,VA,NFL,always_on,0,12,0.793,41.63,0.17,0.39,456.84,0.0,0,0.0,0.768,0.226,0.01,0.0005,81.04
u_10035,2024-08-13,TN,MLB,active_mid,2,5,0.5,27.93,0.31,0.34,156.4,0.5,2,36.75,0.569,0.38,0.324,0.0531,44.43
u_10036,2023-04-02,PA,NFL,casual,4,3,0.37,22.07,0.34,0.14,55.35,1.0,3,27.34,0.289,0.623,0.16,0.0708,22.42
u_10037,2024-06-25,IN,MLB,dormant_high_value,1,11,0.163,14.89,0.24,0.18,42.38,1.0,2,61.84,0.231,0.595,0.186,0.085,24.26
u_10038,2023-03-15,MI,NFL,active_mid,2,0,0.511,29.57,0.29,0.29,146.1,0.0,1,24.36,0.495,0.452,0.052,0.0119,36.6
u_10039,2024-01-03,NY,NFL,casual,2,19,0.304,21.41,0.31,0.15,48.9,1.0,1,31.72,0.35,0.496,0.223,0.0719,17.89
u_10040,2023-10-29,NY,NBA,dormant_high_value,0,6,0.217,17.66,0.24,0.24,47.15,0.5,2,14.34,0.335,0.667,0.322,0.1429,22.77
u_10041,2023-10-16,PA,MLB,bonus_seeker,2,0,0.413,24.67,0.55,0.13,40.95,0.0,0,0.0,0.406,0.525,0.21,0.0654,17.86
u_10042,2023-08-16,MI,NFL,dormant_high_value,0,20,0.207,17.01,0.22,0.18,118.69,0.75,4,21.43,0.197,0.626,0.268,0.1345,30.03
u_10043,2023-09-05,TN,NBA,always_on,0,119,0.815,41.14,0.18,0.43,733.03,0.0,0,0.0,0.785,0.173,0.312,0.0117,97.41
u_10044,2024-05-26,MI,NHL,casual,9,0,0.272,19.95,0.33,0.18,38.56,1.0,1,48.35,0.312,0.641,0.301,0.133,23.66
u_10045,2024-05-09,IN,NBA,active_mid,0,3,0.543,28.91,0.29,0.27,175.13,1.0,1,21.08,0.491,0.386,0.352,0.0691,44.2
u_10046,2023-02-13,IL,NFL,casual,1,2,0.326,22.55,0.35,0.13,30.98,0.5,2,14.22,0.32,0.545,0.238,0.088,21.52
u_10047,2023-07-02,MI,NFL,bonus_seeker,1,0,0.457,25.33,0.51,0.07,42.34,1.0,1,47.24,0.394,0.577,0.27,0.0945,19.15
u_10048,2023-12-12,MI,NHL,bonus_seeker,2,4,0.348,25.49,0.42,0.11,39.5,1.0,1,18.74,0.305,0.501,0.368,0.1284,23.71
u_10049,2023-03-16,PA,NFL,dormant_high_value,0,1,0.174,15.87,0.24,0.26,93.11,1.0,3,47.57,0.179,0.721,0.309,0.1832,41.6
u_10050,2024-01-19,CO,NHL,always_on,0,48,0.87,44.89,0.2,0.43,397.76,0.0,0,0.0,0.799,0.138,0.188,0.0052,77.64
u_10051,2023-03-21,MI,NBA,active_mid,0,89,0.543,31.52,0.26,0.33,130.07,0.5,2,7.12,0.627,0.283,0.01,0.0011,30.22
u_10052,2023-01-09,NJ,Other,always_on,0,223,0.804,41.47,0.13,0.39,572.44,0.0,0,0.0,0.686,0.318,0.194,0.0194,92.87
u_10053,2023-04-10,MI,MLB,always_on,0,78,0.761,39.02,0.2,0.38,553.0,0.0,1,21.91,0.763,0.233,0.033,0.0018,100.0
u_10054,2023-04-10,NJ,Other,bonus_seeker,0,47,0.304,20.6,0.49,0.13,19.95,1.0,1,49.85,0.346,0.503,0.366,0.1206,23.27
u_10055,2023-11-15,CO,NFL,always_on,0,31,0.815,39.02,0.25,0.43,492.0,0.0,0,0.0,0.864,0.013,0.116,0.0002,94.48
u_10056,2024-10-06,MI,MLB,dormant_high_value,0,15,0.141,16.03,0.25,0.22,82.75,1.0,2,53.84,0.145,0.737,0.481,0.303,35.36
u_10057,2024-09-21,NY,NBA,dormant_high_value,6,0,0.12,15.87,0.32,0.18,61.09,1.0,3,36.53,0.181,0.611,0.329,0.1646,25.96
u_10058,2023-09-07,NY,NBA,dormant_high_value,1,5,0.25,19.95,0.27,0.17,80.72,1.0,2,51.19,0.187,0.597,0.213,0.1033,21.1
u_10059,2023-03-16,PA,NBA,casual,4,18,0.272,20.43,0.36,0.15,62.61,1.0,2,51.24,0.411,0.501,0.198,0.0585,24.67
u_10060,2024-05-10,IN,NHL,casual,0,8,0.272,19.29,0.36,0.11,43.21,1.0,3,42.9,0.252,0.616,0.371,0.1709,15.0
u_10061,2023-05-24,NJ,Other,casual,7,2,0.196,17.17,0.33,0.07,35.34,1.0,1,44.87,0.284,0.587,0.327,0.1374,15.0
u_10062,2023-03-04,VA,MLB,active_mid,0,2,0.38,23.21,0.34,0.25,117.58,1.0,4,43.83,0.399,0.424,0.404,0.1028,35.93
u_10063,2023-06-28,NJ,NBA,casual,0,0,0.337,25.16,0.34,0.17,46.92,0.5,2,33.53,0.313,0.633,0.399,0.1731,24.49
u_10064,2024-04-19,TN,NBA,casual,6,5,0.304,22.39,0.4,0.14,81.86,1.0,2,53.94,0.27,0.566,0.279,0.1154,28.36
u_10065,2023-03-04,VA,MLB,bonus_seeker,0,0,0.38,25.82,0.46,0.14,25.01,0.0,0,0.0,0.266,0.623,0.411,0.1879,15.0
u_10066,2023-04-06,CO,NFL,dormant_high_value,14,1,0.12,14.08,0.23,0.17,70.36,1.0,3,44.32,0.216,0.684,0.288,0.1541,23.66
u_10067,2023-06-05,CO,NFL,active_mid,0,7,0.5,31.2,0.23,0.29,146.81,0.0,1,17.96,0.555,0.439,0.2,0.0389,40.72
u_10068,2023-06-08,CO,NFL,dormant_high_value,0,9,0.174,16.52,0.23,0.23,68.28,1.0,3,38.49,0.221,0.633,0.437,0.2156,24.91
u_10069,2024-10-12,IL,NFL,always_on,0,84,0.707,33.32,0.16,0.4,487.1,0.0,1,10.19,0.738,0.255,0.01,0.0007,99.74
u_10070,2024-07-14,NJ,NFL,active_mid,0,4,0.511,27.61,0.27,0.36,105.81,0.0,1,0.0,0.476,0.435,0.205,0.0468,28.56
u_10071,2024-09-07,NJ,NFL,dormant_high_value,0,3,0.207,18.97,0.27,0.22,81.98,0.667,3,26.95,0.258,0.651,0.33,0.1594,34.67
u_10072,2024-08-29,NJ,NFL,dormant_high_value,15,19,0.185,15.87,0.28,0.14,66.08,0.5,2,48.3,0.13,0.844,0.448,0.3291,15.0
u_10073,2024-07-28,PA,NFL,active_mid,0,5,0.62,28.59,0.27,0.31,182.17,0.0,1,35.28,0.558,0.356,0.377,0.0593,50.3
u_10074,2024-06-12,NY,Other,active_mid,1,12,0.5,29.73,0.27,0.27,142.02,0.5,2,33.93,0.544,0.431,0.216,0.0426,29.02
u_10075,2023-08-26,IL,NBA,active_mid,3,39,0.478,26.47,0.16,0.35,147.27,1.0,2,58.04,0.557,0.276,0.389,0.0476,29.67
u_10076,2023-02-05,TN,NFL,active_mid,1,12,0.533,31.03,0.33,0.29,210.31,0.0,1,0.0,0.581,0.405,0.219,0.0371,50.3
u_10077,2024-08-09,PA,MLB,dormant_high_value,4,52,0.152,15.05,0.27,0.19,45.71,0.667,3,45.15,0.141,0.743,0.435,0.2771,19.34
u_10078,2023-03-26,CO,NFL,casual,0,6,0.402,25.82,0.32,0.15,63.89,1.0,1,31.71,0.316,0.575,0.441,0.1738,27.53
u_10079,2023-11-25,PA,Other,dormant_high_value,0,8,0.098,12.61,0.28,0.16,44.07,1.0,2,45.29,0.166,0.742,0.28,0.1735,29.76
u_10080,2024-01-14,IN,MLB,always_on,0,3,0.88,40.49,0.23,0.4,422.49,0.0,0,0.0,0.856,0.196,0.127,0.0036,71.08
u_10081,2023-04-12,VA,NFL,active_mid,0,6,0.652,35.27,0.3,0.32,348.11,0.0,1,30.19,0.576,0.313,0.224,0.0297,60.68
u_10082,2023-01-23,IN,NBA,casual,2,3,0.217,19.78,0.37,0.16,36.26,0.0,1,0.0,0.418,0.545,0.326,0.1034,24.88
u_10083,2023-03-03,TN,NHL,dormant_high_value,7,4,0.217,19.95,0.24,0.22,105.26,1.0,2,44.68,0.211,0.632,0.388,0.1938,36.49
u_10084,2024-03-05,NJ,Other,casual,3,4,0.326,23.21,0.44,0.17,89.12,1.0,1,49.6,0.278,0.575,0.363,0.151,23.5
u_10085,2023-04-22,MI,NBA,casual,0,11,0.359,22.55,0.29,0.16,49.02,0.5,2,36.68,0.375,0.623,0.367,0.1426,26.27
u_10086,2024-10-02,MA,NBA,active_mid,7,104,0.467,24.84,0.26,0.28,164.89,1.0,2,55.47,0.442,0.531,0.104,0.0309,34.4
u_10087,2023-10-09,NY,NFL,active_mid,1,2,0.522,29.89,0.31,0.33,200.65,0.0,1,13.41,0.641,0.243,0.125,0.0109,57.54
u_10088,2024-01-31,VA,Other,always_on,0,14,0.859,41.96,0.24,0.43,661.84,0.0,1,33.37,0.757,0.179,0.086,0.0038,87.19
u_10089,2023-05-21,NJ,NFL,bonus_seeker,4,0,0.337,21.58,0.47,0.12,19.42,1.0,1,24.33,0.188,0.599,0.357,0.1735,21.62
u_10090,2024-06-02,IL,Other,dormant_high_value,5,10,0.087,13.75,0.33,0.26,26.16,1.0,2,58.85,0.048,0.835,0.456,0.3628,15.0
u_10091,2023-10-17,NY,NBA,active_mid,1,1,0.587,31.85,0.28,0.34,137.03,0.667,3,23.14,0.664,0.308,0.01,0.001,36.19
u_10092,2024-08-27,PA,NBA,active_mid,0,18,0.685,38.37,0.26,0.32,283.96,1.0,2,50.8,0.637,0.267,0.01,0.001,58.35
u_10093,2024-04-03,MA,NBA,bonus_seeker,0,7,0.337,24.35,0.5,0.13,17.52,0.0,0,0.0,0.227,0.59,0.292,0.1331,22.64
u_10094,2023-01-18,CO,NFL,active_mid,1,6,0.543,30.71,0.27,0.26,127.15,0.5,2,20.42,0.463,0.482,0.177,0.0458,37.58
u_10095,2023-10-24,PA,NFL,bonus_seeker,2,1,0.391,23.04,0.49,0.13,33.6,0.0,1,0.0,0.369,0.52,0.203,0.0665,17.0
u_10096,2024-04-04,NY,NFL,bonus_seeker,6,0,0.326,22.55,0.46,0.09,20.5,0.0,0,0.0,0.433,0.479,0.348,0.0945,18.8
u_10097,2024-08-16,MI,NFL,casual,2,24,0.359,25.65,0.3,0.18,41.52,1.0,1,29.22,0.241,0.585,0.231,0.1026,24.27
u_10098,2023-02-14,NJ,MLB,dormant_high_value,1,0,0.25,20.11,0.32,0.19,96.73,1.0,2,61.51,0.261,0.572,0.501,0.2119,33.52
u_10099,2023-03-10,PA,NFL,dormant_high_value,23,11,0.13,14.4,0.21,0.18,58.14,1.0,2,73.35,0.07,0.805,0.263,0.1968,18.44
u_10100,2023-10-19,VA,NFL,dormant_high_value,7,5,0.272,20.43,0.21,0.17,141.72,1.0,2,51.61,0.323,0.628,0.558,0.2373,41.66
u_10101,2024-09-06,IN,Other,active_mid,0,12,0.467,24.02,0.27,0.25,167.18,0.5,2,57.0,0.476,0.341,0.255,0.0455,34.61
u_10102,2024-10-08,PA,NHL,casual,5,6,0.326,17.5,0.32,0.14,65.32,0.5,2,16.95,0.294,0.514,0.52,0.1887,15.0
u_10103,2023-08-14,MI,Other,bonus_seeker,4,0,0.402,24.67,0.52,0.13,45.58,0.0,0,0.0,0.381,0.566,0.1,0.0351,21.52
u_10104,2024-08-29,MI,Other,always_on,1,10,0.793,40.0,0.19,0.36,435.93,1.0,1,49.98,0.709,0.217,0.066,0.0042,72.87
u_10105,2024-02-23,IN,NFL,casual,4,18,0.228,19.13,0.35,0.2,34.42,1.0,2,50.51,0.178,0.693,0.159,0.0908,22.92
u_10106,2024-09-20,CO,NFL,casual,7,8,0.152,15.87,0.33,0.14,17.52,1.0,1,47.95,0.33,0.619,0.288,0.1194,26.1
u_10107,2024-07-29,NY,MLB,active_mid,0,29,0.62,33.48,0.33,0.32,198.03,0.0,1,27.7,0.631,0.291,0.162,0.0174,43.53
u_10108,2023-04-29,NY,MLB,casual,1,3,0.304,18.8,0.39,0.18,31.36,1.0,1,49.94,0.409,0.519,0.232,0.0713,23.03
u_10109,2024-03-21,NY,NFL,dormant_high_value,0,6,0.174,16.68,0.26,0.2,126.03,0.667,3,42.88,0.166,0.727,0.273,0.1657,29.01
u_10110,2023-08-25,IL,NHL,casual,0,5,0.38,23.37,0.33,0.12,92.22,1.0,1,30.27,0.405,0.483,0.074,0.0213,27.44
u_10111,2023-03-13,NJ,NFL,dormant_high_value,3,12,0.326,21.41,0.21,0.2,108.05,1.0,2,55.1,0.229,0.677,0.303,0.1584,35.59
u_10112,2023-10-21,IL,NFL,always_on,0,4,0.837,35.92,0.2,0.43,319.89,0.0,0,0.0,0.845,0.168,0.174,0.0045,66.29
u_10113,2024-05-09,PA,NBA,active_mid,1,14,0.63,32.01,0.26,0.35,176.01,1.0,1,19.26,0.604,0.319,0.01,0.0013,29.36
u_10114,2023-09-03,NY,NBA,active_mid,3,10,0.652,35.27,0.3,0.35,185.75,0.0,1,22.57,0.699,0.298,0.01,0.0009,45.75
u_10115,2024-01-01,IN,NBA,always_on,1,79,0.739,37.88,0.14,0.36,256.57,0.0,0,0.0,0.768,0.112,0.01,0.0003,50.71
u_10116,2023-06-18,PA,NFL,active_mid,1,7,0.652,32.66,0.35,0.27,198.83,0.0,1,0.0,0.52,0.36,0.164,0.0283,38.47
u_10117,2024-02-09,NJ,NHL,dormant_high_value,0,30,0.163,17.34,0.24,0.24,70.04,1.0,2,36.88,0.1,0.719,0.196,0.1269,17.01
u_10118,2023-03-28,MI,NFL,always_on,0,43,0.793,41.14,0.22,0.37,561.5,0.0,1,14.53,0.752,0.248,0.267,0.0164,95.52
u_10119,2024-10-26,NJ,NFL,bonus_seeker,1,0,0.402,25.16,0.46,0.12,38.95,0.0,0,0.0,0.373,0.529,0.355,0.1176,20.92
u_10120,2023-06-14,MA,NHL,active_mid,2,4,0.543,30.05,0.29,0.28,169.44,1.0,2,50.42,0.52,0.404,0.386,0.0748,39.87
u_10121,2023-07-16,MI,Other,always_on,0,141,0.783,38.04,0.23,0.42,499.75,0.0,0,0.0,0.745,0.227,0.01,0.0006,79.1
u_10122,2024-01-11,PA,NHL,casual,1,7,0.272,21.9,0.39,0.14,45.7,1.0,1,33.18,0.252,0.71,0.114,0.0604,22.04
u_10123,2024-05-23,MI,NHL,dormant_high_value,7,4,0.185,17.99,0.19,0.22,65.02,0.333,3,31.05,0.189,0.708,0.359,0.2061,33.38
u_10124,2023-07-07,CO,MLB,casual,4,1,0.337,20.6,0.38,0.14,37.09,1.0,1,45.91,0.371,0.522,0.167,0.0548,23.73
u_10125,2023-03-17,PA,NBA,casual,1,5,0.304,21.74,0.37,0.16,32.74,0.0,1,0.0,0.292,0.619,0.342,0.1497,15.0
u_10126,2024-08-23,NJ,NFL,active_mid,0,1,0.478,27.77,0.25,0.3,153.56,1.0,2,37.58,0.515,0.413,0.184,0.0369,46.72
u_10127,2023-04-16,NY,NBA,always_on,0,33,0.75,36.9,0.22,0.44,458.46,0.333,3,27.0,0.863,0.121,0.01,0.0002,84.91
u_10128,2023-04-24,VA,NFL,dormant_high_value,7,15,0.065,13.59,0.25,0.2,30.31,1.0,2,61.34,0.09,0.84,0.392,0.2996,19.96
u_10129,2024-03-10,PA,NFL,bonus_seeker,0,3,0.315,20.6,0.52,0.1,16.4,0.0,1,0.0,0.346,0.534,0.098,0.0343,17.37
u_10130,2024-07-22,CO,MLB,casual,0,31,0.511,26.79,0.36,0.16,155.19,1.0,2,54.82,0.459,0.425,0.277,0.0636,34.11
u_10131,2024-04-07,CO,NBA,casual,0,11,0.446,28.42,0.31,0.12,105.69,1.0,2,30.57,0.342,0.542,0.259,0.0925,35.0
u_10132,2023-04-29,IL,NFL,dormant_high_value,5,33,0.098,13.91,0.27,0.25,34.83,0.5,2,17.16,0.113,0.754,0.322,0.2156,15.0
u_10133,2023-07-24,NJ,NFL,casual,1,5,0.283,20.27,0.41,0.18,32.87,1.0,2,30.35,0.35,0.56,0.304,0.1105,22.98
u_10134,2023-08-07,PA,MLB,always_on,0,0,0.685,35.27,0.18,0.41,382.32,0.0,0,0.0,0.838,0.137,0.202,0.0045,86.19
u_10135,2024-02-09,MA,NFL,casual,3,15,0.359,21.58,0.3,0.22,54.2,1.0,2,30.26,0.413,0.426,0.342,0.0854,19.2
u_10136,2023-10-14,NY,NHL,bonus_seeker,0,4,0.457,28.91,0.58,0.11,24.26,1.0,1,72.3,0.342,0.536,0.416,0.1467,19.6
u_10137,2023-10-13,NY,NBA,active_mid,0,3,0.565,32.83,0.4,0.34,261.64,1.0,2,54.2,0.517,0.387,0.122,0.0228,55.52
u_10138,2024-02-18,NJ,NBA,casual,3,1,0.402,23.37,0.35,0.14,134.25,0.0,1,0.0,0.353,0.561,0.36,0.1305,39.09
u_10139,2024-01-25,PA,NBA,always_on,0,2,0.978,48.48,0.26,0.4,426.32,0.0,0,0.0,0.853,0.086,0.097,0.0012,66.28
u_10140,2023-02-16,IN,NHL,always_on,0,9,0.924,39.51,0.23,0.4,416.11,0.0,2,38.4,0.925,0.038,0.049,0.0001,74.42
u_10141,2024-09-24,NJ,NFL,casual,0,3,0.337,24.51,0.44,0.12,57.35,1.0,1,48.27,0.343,0.557,0.389,0.142,26.77
u_10142,2023-07-06,NY,MLB,bonus_seeker,2,0,0.272,21.9,0.47,0.1,22.22,1.0,1,37.43,0.396,0.49,0.19,0.0563,18.02
u_10143,2024-03-28,NY,NBA,casual,0,1,0.38,24.51,0.35,0.11,39.12,1.0,1,37.65,0.221,0.677,0.373,0.1968,19.69
u_10144,2024-06-27,MA,NFL,casual,1,31,0.261,19.29,0.43,0.17,30.91,1.0,1,42.99,0.221,0.711,0.408,0.2258,22.87
u_10145,2023-06-02,IL,NHL,dormant_high_value,15,11,0.141,15.38,0.2,0.22,57.81,0.5,2,47.36,0.067,0.708,0.297,0.196,21.41
u_10146,2023-03-01,PA,MLB,active_mid,0,18,0.478,30.87,0.26,0.29,94.0,0.0,1,0.0,0.45,0.425,0.222,0.0519,27.05
u_10147,2023-02-23,MA,MLB,bonus_seeker,1,2,0.348,23.04,0.49,0.08,34.09,0.5,2,8.27,0.274,0.733,0.143,0.076,22.47
u_10148,2023-03-01,IL,NHL,dormant_high_value,6,2,0.163,17.17,0.26,0.18,65.72,1.0,3,39.36,0.212,0.666,0.188,0.0988,30.58
u_10149,2024-02-17,IN,NHL,casual,12,15,0.13,15.54,0.34,0.17,19.93,0.667,3,22.92,0.162,0.745,0.266,0.1662,21.81
u_10150,2023-11-03,MI,MLB,always_on,0,45,0.815,37.07,0.19,0.42,407.29,0.0,0,0.0,0.802,0.164,0.039,0.0013,87.23
u_10151,2023-05-09,NY,NHL,casual,2,5,0.239,17.99,0.4,0.21,41.98,0.5,2,22.88,0.227,0.666,0.464,0.2386,23.26
u_10152,2023-01-24,NY,MLB,dormant_high_value,3,14,0.283,17.99,0.26,0.18,121.34,1.0,2,59.91,0.254,0.828,0.387,0.2391,31.79
u_10153,2023-05-29,NJ,MLB,bonus_seeker,2,0,0.478,26.63,0.52,0.09,31.62,0.0,0,0.0,0.568,0.318,0.289,0.0397,20.09
u_10154,2024-10-18,NY,NBA,always_on,0,5,0.761,36.41,0.21,0.39,295.3,1.0,1,29.85,0.792,0.288,0.015,0.0009,58.03
u_10155,2024-06-27,TN,MLB,casual,0,0,0.489,30.05,0.34,0.12,94.6,0.5,2,22.94,0.384,0.531,0.408,0.1334,17.82
u_10156,2023-04-08,PA,NFL,active_mid,0,49,0.522,30.71,0.31,0.3,155.34,0.5,2,18.87,0.514,0.513,0.236,0.0589,41.86
u_10157,2024-07-17,NY,NHL,active_mid,0,9,0.457,27.61,0.29,0.32,87.31,1.0,2,35.22,0.581,0.391,0.206,0.0338,42.1
u_10158,2023-05-20,MI,NHL,casual,0,40,0.326,23.04,0.35,0.1,61.1,1.0,2,32.0,0.337,0.531,0.215,0.0758,26.87
u_10159,2023-01-03,CO,NFL,active_mid,5,12,0.467,28.91,0.32,0.3,260.05,0.0,1,13.07,0.537,0.384,0.22,0.039,59.99
u_10160,2024-02-08,NJ,NHL,casual,3,9,0.293,19.13,0.35,0.16,57.78,1.0,1,18.9,0.239,0.571,0.213,0.0924,24.83
u_10161,2024-05-25,PA,NFL,active_mid,0,54,0.5,28.26,0.28,0.31,111.54,0.0,1,19.74,0.588,0.378,0.402,0.0626,41.9
u_10162,2024-02-17,PA,NFL,active_mid,5,19,0.62,34.78,0.3,0.27,301.36,1.0,1,21.83,0.547,0.452,0.01,0.002,49.89
u_10163,2024-07-24,MA,MLB,bonus_seeker,3,2,0.37,23.21,0.47,0.11,27.82,0.0,0,0.0,0.312,0.529,0.163,0.0595,21.26
u_10164,2023-06-16,NJ,NFL,dormant_high_value,0,5,0.141,14.4,0.37,0.17,45.74,0.0,2,0.0,0.192,0.681,0.427,0.2346,23.79
u_10165,2023-04-12,NY,NHL,active_mid,0,60,0.533,32.01,0.42,0.26,249.49,0.0,1,23.83,0.585,0.32,0.249,0.0331,57.1
u_10166,2024-03-01,CO,NHL,casual,4,46,0.228,16.03,0.34,0.18,44.04,0.5,2,28.36,0.151,0.693,0.39,0.2295,21.05
u_10167,2023-02-02,NY,NBA,dormant_high_value,4,8,0.25,20.6,0.28,0.2,149.38,0.5,2,10.13,0.289,0.576,0.12,0.0493,30.95
u_10168,2023-05-16,IL,NFL,dormant_high_value,5,21,0.228,20.43,0.3,0.22,76.15,1.0,2,43.93,0.309,0.604,0.401,0.1675,22.5
u_10169,2024-06-25,CO,NFL,bonus_seeker,0,6,0.413,25.65,0.48,0.12,18.11,0.0,0,0.0,0.403,0.539,0.166,0.0534,19.59
u_10170,2023-11-16,PA,NBA,active_mid,0,3,0.37,22.72,0.28,0.32,124.96,0.5,2,7.96,0.481,0.482,0.155,0.0387,43.95
u_10171,2024-04-21,VA,Other,dormant_high_value,4,21,0.174,17.66,0.24,0.19,77.02,0.5,2,40.82,0.325,0.517,0.294,0.1026,28.92
u_10172,2023-01-07,IL,NBA,bonus_seeker,1,16,0.315,22.23,0.53,0.07,14.01,0.0,0,0.0,0.213,0.589,0.345,0.1598,23.15
u_10173,2023-10-18,NJ,NFL,casual,4,1,0.217,18.64,0.33,0.19,49.27,1.0,1,17.8,0.325,0.581,0.056,0.0221,28.34
u_10174,2023-01-28,CO,NBA,active_mid,2,94,0.467,29.08,0.26,0.32,130.19,1.0,1,25.1,0.474,0.508,0.286,0.0764,33.23
u_10175,2024-03-21,MI,NBA,dormant_high_value,0,0,0.098,14.4,0.33,0.22,33.41,1.0,3,44.41,0.279,0.665,0.101,0.0484,35.11
u_10176,2023-07-16,MA,MLB,active_mid,4,17,0.489,24.02,0.25,0.29,240.34,0.5,2,22.94,0.482,0.483,0.286,0.0713,57.65
u_10177,2023-07-15,NJ,NFL,casual,2,1,0.272,21.09,0.4,0.15,64.01,1.0,1,40.82,0.263,0.613,0.371,0.1675,26.96
u_10178,2024-02-12,TN,MLB,always_on,0,6,0.804,39.51,0.18,0.38,521.08,0.0,1,23.1,0.886,0.174,0.01,0.0002,100.0
u_10179,2023-10-28,PA,NBA,dormant_high_value,8,9,0.196,15.87,0.26,0.19,112.82,0.5,2,11.1,0.139,0.755,0.214,0.139,33.51
u_10180,2023-07-06,NJ,Other,casual,1,10,0.272,22.72,0.3,0.15,31.97,1.0,1,21.18,0.162,0.777,0.377,0.2455,20.76
u_10181,2023-08-27,NY,NFL,dormant_high_value,0,16,0.141,13.91,0.25,0.24,46.37,0.25,4,7.31,0.241,0.66,0.412,0.2064,17.96
u_10182,2023-01-27,NJ,NBA,always_on,0,8,0.891,42.28,0.22,0.43,496.7,1.0,2,52.54,0.885,0.17,0.01,0.0002,94.01
u_10183,2024-04-06,MI,Other,always_on,0,5,0.772,41.14,0.2,0.38,502.9,0.0,0,0.0,0.793,0.165,0.153,0.0052,98.27
u_10184,2023-04-11,NJ,NFL,casual,1,4,0.239,19.78,0.35,0.19,28.58,1.0,2,35.6,0.25,0.557,0.337,0.1406,21.49
u_10185,2023-10-23,NJ,Other,active_mid,0,5,0.543,26.79,0.34,0.3,148.78,0.0,1,38.73,0.534,0.413,0.175,0.0337,28.34
u_10186,2023-10-05,IN,MLB,active_mid,2,29,0.533,28.42,0.29,0.29,156.77,0.5,2,26.6,0.5,0.412,0.3,0.0618,39.29
u_10187,2023-08-11,PA,NFL,bonus_seeker,0,0,0.38,21.58,0.49,0.18,16.41,1.0,1,90.18,0.329,0.553,0.252,0.0935,17.2
u_10188,2023-11-05,NJ,NFL,bonus_seeker,0,9,0.337,22.07,0.52,0.14,19.54,0.0,0,0.0,0.276,0.574,0.295,0.1225,22.3
u_10189,2023-08-04,NJ,MLB,casual,3,18,0.391,26.14,0.36,0.14,53.43,1.0,2,23.99,0.405,0.572,0.287,0.0976,27.2
u_10190,2024-03-22,NJ,NFL,dormant_high_value,2,20,0.239,18.64,0.23,0.14,75.79,0.0,2,0.0,0.134,0.753,0.28,0.1825,23.15
u_10191,2024-06-25,NY,NBA,always_on,1,29,0.783,34.78,0.18,0.37,341.85,0.0,0,0.0,0.849,0.148,0.051,0.0012,83.82
u_10192,2023-03-26,IL,NFL,always_on,0,61,0.739,39.18,0.22,0.38,508.83,0.0,1,0.0,0.76,0.196,0.131,0.0061,88.26
u_10193,2023-07-16,NJ,NBA,active_mid,0,6,0.609,32.01,0.35,0.31,159.56,0.0,1,10.81,0.565,0.329,0.231,0.033,37.3
u_10194,2024-01-31,NJ,NFL,casual,5,0,0.359,25.16,0.41,0.16,47.94,1.0,1,20.15,0.29,0.615,0.35,0.1527,27.14
u_10195,2024-05-31,MI,NHL,casual,2,5,0.283,21.58,0.34,0.13,57.9,0.0,1,0.0,0.157,0.714,0.357,0.2151,22.1
u_10196,2024-03-30,IL,Other,active_mid,0,1,0.533,30.54,0.28,0.3,148.61,0.0,2,10.4,0.471,0.514,0.1,0.0271,40.15
u_10197,2024-04-27,PA,Other,always_on,1,20,0.75,36.9,0.21,0.38,342.41,0.0,1,35.63,0.854,0.06,0.125,0.0011,71.24
u_10198,2023-09-13,CO,MLB,always_on,0,28,0.728,39.67,0.12,0.37,558.72,0.0,0,0.0,0.788,0.187,0.276,0.011,100.0
u_10199,2023-05-07,NY,NFL,active_mid,0,20,0.576,32.01,0.31,0.31,154.16,1.0,1,24.58,0.514,0.385,0.242,0.0454,42.54
u_10200,2024-09-23,CO,MLB,active_mid,0,9,0.598,29.08,0.28,0.26,362.94,0.0,2,0.0,0.583,0.432,0.149,0.0268,62.79
u_10201,2024-01-01,CO,NFL,dormant_high_value,1,14,0.207,18.97,0.27,0.21,52.79,1.0,3,46.34,0.171,0.786,0.294,0.1917,22.39
u_10202,2023-12-01,PA,NFL,dormant_high_value,7,11,0.239,18.64,0.24,0.25,119.3,1.0,2,40.4,0.159,0.803,0.326,0.22,30.18
u_10203,2023-12-25,VA,NFL,always_on,0,10,0.728,39.02,0.23,0.41,373.76,0.0,0,0.0,0.804,0.176,0.078,0.0027,81.96
u_10204,2024-08-20,NJ,NBA,active_mid,0,5,0.587,30.54,0.34,0.3,176.84,0.5,2,40.88,0.554,0.394,0.145,0.0255,26.95
u_10205,2024-01-29,MI,MLB,dormant_high_value,1,1,0.207,18.32,0.28,0.21,122.45,0.5,2,26.76,0.192,0.717,0.262,0.1519,35.24
u_10206,2024-05-11,NJ,MLB,dormant_high_value,6,2,0.174,17.66,0.21,0.22,125.86,1.0,2,26.14,0.334,0.49,0.313,0.1023,37.63
u_10207,2023-01-11,MI,NBA,active_mid,0,0,0.457,26.14,0.34,0.28,197.87,1.0,1,21.46,0.582,0.32,0.01,0.0013,40.17
u_10208,2024-02-04,IL,NFL,dormant_high_value,0,4,0.13,14.73,0.3,0.2,54.4,0.667,3,28.94,0.185,0.669,0.364,0.1985,30.53
u_10209,2023-02-22,IN,Other,dormant_high_value,1,12,0.141,15.71,0.28,0.16,96.3,1.0,3,59.74,0.197,0.656,0.35,0.1845,32.68
u_10210,2023-01-22,NJ,NBA,bonus_seeker,0,0,0.304,20.92,0.51,0.08,32.45,1.0,1,56.11,0.259,0.63,0.162,0.0757,19.85
u_10211,2024-01-19,CO,NBA,active_mid,1,21,0.511,27.61,0.3,0.26,115.59,0.0,1,21.46,0.602,0.322,0.089,0.0113,30.43
u_10212,2024-02-05,CO,NFL,active_mid,3,5,0.543,28.91,0.37,0.29,176.37,1.0,2,50.69,0.597,0.393,0.134,0.0212,45.49
u_10213,2024-08-29,MA,MLB,casual,0,26,0.261,18.48,0.38,0.12,33.07,1.0,1,40.67,0.372,0.492,0.156,0.0482,19.86
u_10214,2023-07-09,CO,MLB,active_mid,0,48,0.5,32.66,0.37,0.34,120.19,1.0,2,46.7,0.508,0.491,0.273,0.0659,22.45
u_10215,2024-02-29,CO,NFL,casual,5,0,0.239,18.97,0.29,0.15,42.38,0.0,1,0.0,0.434,0.379,0.147,0.0315,26.56
u_10216,2024-05-31,PA,NFL,casual,1,0,0.348,20.76,0.23,0.16,73.07,1.0,1,28.1,0.321,0.591,0.353,0.1414,15.0
u_10217,2024-09-17,NY,MLB,active_mid,2,4,0.511,30.71,0.31,0.28,153.1,1.0,1,28.61,0.424,0.587,0.265,0.0898,31.57
u_10218,2023-08-07,CO,MLB,active_mid,2,12,0.489,27.93,0.33,0.29,189.72,0.667,3,36.79,0.527,0.432,0.135,0.0275,49.06
u_10219,2024-04-16,NJ,NFL,active_mid,1,17,0.565,31.2,0.29,0.28,92.54,1.0,1,23.59,0.544,0.387,0.225,0.0397,29.7
u_10220,2023-01-13,TN,Other,active_mid,0,41,0.522,28.75,0.3,0.34,114.04,1.0,1,20.18,0.537,0.417,0.121,0.0235,22.77
u_10221,2024-07-02,MA,NFL,bonus_seeker,0,3,0.326,25.82,0.54,0.1,20.79,1.0,1,39.1,0.35,0.507,0.373,0.1228,20.19
u_10222,2024-11-02,VA,NBA,dormant_high_value,12,32,0.12,15.22,0.22,0.16,75.86,1.0,3,45.27,0.143,0.729,0.435,0.2717,31.38
u_10223,2023-02-02,NY,Other,casual,0,8,0.38,25.33,0.39,0.16,48.19,1.0,2,55.0,0.208,0.649,0.434,0.2232,24.46
u_10224,2024-04-26,IN,NBA,casual,2,1,0.239,17.5,0.29,0.2,27.52,0.333,3,29.69,0.246,0.606,0.207,0.0948,16.67
u_10225,2023-04-04,MI,NBA,casual,2,10,0.348,23.37,0.37,0.2,51.49,1.0,1,19.05,0.405,0.536,0.255,0.0813,20.19
u_10226,2023-06-06,IL,NFL,always_on,0,306,0.663,33.97,0.23,0.46,311.77,0.0,1,30.76,0.783,0.138,0.125,0.0037,75.26
u_10227,2023-08-19,IL,NFL,casual,0,9,0.402,24.51,0.36,0.15,96.51,1.0,1,32.53,0.425,0.516,0.158,0.0468,22.95
u_10228,2024-06-13,NY,Other,always_on,0,24,0.685,32.17,0.12,0.36,236.31,0.0,0,0.0,0.819,0.111,0.01,0.0002,68.77
u_10229,2024-04-26,MI,NBA,active_mid,1,7,0.587,33.48,0.32,0.29,111.73,1.0,1,34.5,0.544,0.453,0.429,0.0887,31.53
u_10230,2023-05-20,CO,NHL,active_mid,0,10,0.511,31.03,0.37,0.3,172.03,0.0,2,19.42,0.415,0.351,0.356,0.073,31.5
u_10231,2024-03-21,NJ,NFL,bonus_seeker,0,8,0.359,23.37,0.55,0.06,21.46,1.0,1,21.53,0.457,0.475,0.146,0.0376,23.77
u_10232,2023-12-26,NY,NFL,bonus_seeker,2,0,0.402,27.61,0.53,0.1,39.05,0.0,0,0.0,0.344,0.577,0.438,0.1658,22.4
u_10233,2023-02-13,VA,NFL,bonus_seeker,5,2,0.402,23.04,0.51,0.17,25.1,0.0,0,0.0,0.252,0.596,0.107,0.0476,18.05
u_10234,2024-01-06,IN,MLB,dormant_high_value,7,6,0.185,16.03,0.25,0.21,82.28,0.5,2,43.88,0.144,0.711,0.358,0.2181,26.09
u_10235,2023-01-19,TN,NFL,active_mid,1,3,0.478,25.49,0.25,0.26,81.72,0.0,2,28.19,0.517,0.463,0.329,0.0736,24.57
u_10236,2023-08-01,IL,NHL,casual,2,8,0.337,22.39,0.29,0.12,55.95,1.0,1,18.79,0.23,0.619,0.428,0.2036,15.0
u_10237,2023-09-29,NY,NBA,dormant_high_value,5,42,0.185,16.68,0.24,0.19,101.34,1.0,3,49.43,0.163,0.768,0.42,0.2703,28.73
u_10238,2023-05-02,NJ,Other,active_mid,0,34,0.609,34.62,0.33,0.35,321.97,0.0,1,0.0,0.626,0.372,0.345,0.048,65.72
u_10239,2023-10-07,NY,NFL,dormant_high_value,0,12,0.174,16.68,0.2,0.18,61.21,1.0,2,48.64,0.126,0.764,0.428,0.2857,17.11
u_10240,2024-04-10,NJ,NHL,always_on,0,51,0.739,39.51,0.24,0.42,444.67,1.0,1,34.47,0.702,0.246,0.255,0.0187,79.33
u_10241,2024-04-07,PA,MLB,always_on,0,47,0.902,47.17,0.24,0.36,428.02,0.0,0,0.0,0.897,0.146,0.092,0.0014,81.21
u_10242,2024-07-11,NY,MLB,always_on,1,52,0.739,37.72,0.21,0.36,577.25,0.0,0,0.0,0.763,0.21,0.044,0.0022,92.5
u_10243,2023-01-27,PA,NHL,casual,0,1,0.217,17.5,0.36,0.09,29.93,1.0,2,33.59,0.328,0.576,0.196,0.0756,19.76
u_10244,2024-02-26,VA,MLB,dormant_high_value,2,11,0.109,14.24,0.34,0.16,131.17,1.0,2,37.44,0.039,0.851,0.38,0.311,29.4
u_10245,2024-03-29,PA,NBA,always_on,3,55,0.707,36.58,0.25,0.38,293.57,0.0,0,0.0,0.711,0.24,0.015,0.0011,58.96
u_10246,2023-09-23,IN,NFL,casual,1,16,0.217,19.13,0.4,0.15,49.37,1.0,1,40.38,0.201,0.679,0.336,0.1822,27.95
u_10247,2023-08-18,IL,NFL,always_on,0,84,0.793,38.53,0.17,0.41,352.98,0.0,0,0.0,0.826,0.08,0.01,0.0001,64.25
u_10248,2023-03-11,NY,Other,always_on,1,4,0.772,36.9,0.12,0.36,461.86,0.0,0,0.0,0.784,0.109,0.01,0.0002,84.2
u_10249,2023-11-15,PA,NBA,always_on,0,36,0.913,44.57,0.25,0.41,735.52,0.0,1,19.04,0.897,0.022,0.05,0.0001,95.99
u_10250,2023-04-25,NJ,MLB,casual,3,1,0.239,19.29,0.32,0.21,37.8,1.0,1,23.71,0.184,0.702,0.251,0.1437,18.53
u_10251,2023-05-03,NY,NBA,casual,1,4,0.315,25.0,0.39,0.17,41.76,1.0,1,30.9,0.258,0.635,0.138,0.0651,21.36
u_10252,2024-06-14,IL,NFL,always_on,0,45,0.837,41.79,0.19,0.37,346.23,0.0,0,0.0,0.845,0.119,0.168,0.0031,70.71
u_10253,2023-03-02,NJ,NFL,casual,0,7,0.207,18.64,0.35,0.11,28.59,1.0,2,43.27,0.316,0.562,0.308,0.1183,20.07
u_10254,2023-06-21,NY,MLB,dormant_high_value,0,21,0.196,18.15,0.24,0.17,90.48,1.0,2,67.26,0.104,0.704,0.268,0.169,15.8
u_10255,2023-05-06,PA,NBA,bonus_seeker,3,4,0.413,25.82,0.46,0.12,28.28,1.0,1,22.62,0.382,0.51,0.101,0.0317,19.75
u_10256,2023-01-14,TN,NFL,always_on,0,20,0.783,38.04,0.14,0.41,380.54,1.0,1,72.07,0.748,0.256,0.08,0.0052,59.48
u_10257,2023-05-11,MI,NBA,active_mid,0,9,0.598,33.64,0.35,0.32,293.37,0.0,1,19.45,0.54,0.434,0.115,0.0229,58.99
u_10258,2023-06-15,MA,NFL,bonus_seeker,0,12,0.457,26.14,0.45,0.1,41.89,1.0,1,67.38,0.261,0.661,0.4,0.1952,20.71
u_10259,2023-03-18,NJ,NBA,dormant_high_value,15,22,0.065,13.26,0.27,0.18,27.63,0.0,2,0.0,0.108,0.843,0.177,0.1333,20.75
u_10260,2024-01-27,MI,NFL,active_mid,0,21,0.62,35.27,0.27,0.26,175.89,1.0,1,17.84,0.612,0.365,0.112,0.0158,40.65
u_10261,2023-09-06,MI,MLB,always_on,0,182,0.761,35.11,0.16,0.39,247.49,1.0,1,25.5,0.842,0.232,0.075,0.0028,43.55
u_10262,2024-02-07,IL,NFL,dormant_high_value,1,6,0.261,21.09,0.24,0.23,133.19,0.333,3,24.91,0.352,0.56,0.222,0.0805,45.13
u_10263,2024-06-02,TN,NBA,bonus_seeker,10,0,0.348,21.25,0.45,0.11,21.94,1.0,1,18.44,0.384,0.474,0.111,0.0325,24.2
u_10264,2023-02-28,NY,NFL,always_on,0,5,0.728,37.72,0.19,0.39,359.85,0.0,0,0.0,0.677,0.218,0.47,0.0331,58.97
u_10265,2023-01-11,VA,NFL,active_mid,0,18,0.511,28.75,0.28,0.29,151.79,1.0,2,60.84,0.511,0.409,0.339,0.0677,39.73
u_10266,2024-08-12,VA,NFL,active_mid,0,12,0.565,28.59,0.24,0.29,122.16,1.0,1,36.74,0.541,0.36,0.175,0.0289,30.47
u_10267,2023-02-20,NJ,NBA,active_mid,0,12,0.522,33.64,0.34,0.28,159.17,1.0,1,34.38,0.543,0.443,0.302,0.0613,38.29
u_10268,2023-09-04,PA,NBA,casual,4,22,0.261,20.92,0.3,0.09,43.49,1.0,1,44.13,0.282,0.565,0.592,0.2402,22.39
u_10269,2024-02-02,TN,NFL,casual,0,0,0.239,20.27,0.36,0.17,28.66,0.5,2,28.02,0.171,0.714,0.259,0.1537,18.39
u_10270,2024-01-24,NJ,MLB,active_mid,2,17,0.489,27.61,0.31,0.32,101.99,0.667,3,45.63,0.583,0.35,0.462,0.0674,33.24
u_10271,2024-05-14,CO,NHL,active_mid,3,20,0.522,30.05,0.3,0.29,115.71,1.0,1,16.02,0.591,0.296,0.189,0.0229,41.56
u_10272,2023-12-12,TN,MLB,always_on,0,2,0.761,38.7,0.21,0.38,349.39,0.0,0,0.0,0.79,0.205,0.182,0.0078,79.58
u_10273,2024-09-01,CO,NFL,always_on,0,58,0.717,35.76,0.17,0.43,604.72,0.0,0,0.0,0.746,0.189,0.276,0.0133,100.0
u_10274,2024-08-22,NY,NBA,bonus_seeker,12,10,0.272,20.43,0.45,0.13,13.19,1.0,1,35.98,0.277,0.622,0.33,0.1484,15.11
u_10275,2023-02-06,IL,NFL,bonus_seeker,0,0,0.435,28.26,0.47,0.04,44.37,1.0,2,18.6,0.449,0.462,0.06,0.0154,26.56
u_10276,2023-10-25,NY,NFL,active_mid,0,18,0.576,32.17,0.33,0.31,203.37,1.0,1,25.42,0.502,0.41,0.085,0.0174,47.57
u_10277,2023-02-09,CO,Other,active_mid,0,36,0.5,27.61,0.39,0.28,207.78,0.0,1,17.12,0.566,0.335,0.142,0.0207,48.95
u_10278,2023-06-14,NJ,NFL,active_mid,0,13,0.457,23.7,0.21,0.34,108.69,1.0,2,14.64,0.487,0.364,0.125,0.0233,35.29
u_10279,2023-10-02,IL,NBA,active_mid,0,6,0.609,30.54,0.3,0.26,82.41,0.333,3,32.35,0.594,0.291,0.159,0.0189,29.86
u_10280,2024-07-06,CO,NBA,always_on,1,46,0.87,46.2,0.25,0.39,487.86,0.0,1,0.0,0.732,0.226,0.067,0.004,87.8
u_10281,2023-08-24,MA,MLB,casual,0,3,0.413,28.1,0.46,0.1,65.54,0.667,3,27.74,0.421,0.526,0.421,0.1281,29.1
u_10282,2023-07-27,IL,NBA,casual,4,9,0.337,22.88,0.35,0.12,57.05,0.0,1,19.47,0.342,0.601,0.116,0.0458,27.96
u_10283,2024-01-22,CO,NFL,dormant_high_value,1,6,0.293,22.23,0.29,0.14,154.47,0.333,3,8.16,0.31,0.56,0.19,0.0734,43.89
u_10284,2024-02-12,MA,NFL,bonus_seeker,6,1,0.413,25.82,0.5,0.06,29.63,0.0,0,0.0,0.379,0.567,0.239,0.0843,20.94
u_10285,2023-12-19,NJ,NBA,dormant_high_value,2,25,0.174,18.48,0.31,0.22,84.0,0.5,2,25.66,0.296,0.589,0.416,0.1723,35.19
u_10286,2023-10-24,IL,NFL,bonus_seeker,1,6,0.424,25.49,0.56,0.09,38.08,0.0,0,0.0,0.43,0.557,0.32,0.1016,20.97
u_10287,2024-08-06,NJ,NFL,bonus_seeker,1,0,0.37,24.02,0.51,0.12,38.55,0.0,0,0.0,0.418,0.451,0.187,0.0491,16.84
u_10288,2023-01-19,VA,NFL,casual,3,14,0.261,23.53,0.39,0.2,56.91,0.0,1,0.0,0.265,0.683,0.206,0.1032,31.74
u_10289,2024-04-14,NJ,NFL,bonus_seeker,2,6,0.326,21.25,0.49,0.07,36.27,0.0,0,0.0,0.374,0.548,0.214,0.0734,17.56
u_10290,2023-12-05,PA,NFL,dormant_high_value,1,0,0.38,21.58,0.26,0.2,104.97,0.5,2,13.3,0.289,0.618,0.32,0.1407,22.43
u_10291,2024-03-26,MA,NFL,dormant_high_value,15,3,0.098,13.26,0.31,0.24,36.57,0.5,2,26.1,0.065,0.654,0.467,0.2856,27.97
u_10292,2024-09-23,PA,NBA,active_mid,0,0,0.554,32.66,0.29,0.31,208.33,0.0,1,19.07,0.534,0.414,0.043,0.0083,38.31
u_10293,2024-08-27,NJ,MLB,casual,0,8,0.25,19.13,0.32,0.1,52.54,1.0,4,43.88,0.304,0.611,0.351,0.1492,34.03
u_10294,2023-06-08,CO,NHL,dormant_high_value,0,14,0.087,12.61,0.27,0.18,27.37,1.0,2,57.6,0.137,0.805,0.316,0.2192,21.24
u_10295,2023-02-05,IL,NFL,bonus_seeker,8,15,0.261,21.41,0.48,0.09,20.96,1.0,1,64.35,0.237,0.605,0.224,0.1035,23.17
u_10296,2023-02-20,MA,NFL,active_mid,1,62,0.533,32.83,0.27,0.31,88.73,0.5,2,34.03,0.528,0.434,0.122,0.025,29.51
u_10297,2023-03-16,PA,NFL,casual,0,1,0.261,18.32,0.39,0.13,40.02,1.0,2,39.83,0.325,0.536,0.425,0.1538,23.99
u_10298,2023-02-10,CO,NBA,active_mid,2,103,0.543,30.05,0.34,0.28,146.68,0.5,2,26.6,0.572,0.445,0.182,0.0347,40.99
u_10299,2024-06-29,PA,MLB,dormant_high_value,8,27,0.196,16.85,0.26,0.19,53.77,1.0,2,70.07,0.179,0.728,0.413,0.2468,15.64
u_10300,2024-02-22,IL,NFL,dormant_high_value,9,27,0.141,14.08,0.27,0.22,39.5,1.0,2,66.75,0.129,0.823,0.343,0.2461,29.91
u_10301,2024-10-18,IL,Other,bonus_seeker,0,9,0.359,24.35,0.49,0.08,20.68,1.0,1,91.85,0.333,0.682,0.294,0.1337,23.62
u_10302,2023-07-15,CO,NFL,bonus_seeker,7,4,0.457,26.14,0.48,0.08,38.18,0.0,0,0.0,0.401,0.51,0.338,0.1033,18.69
u_10303,2024-09-02,NY,NBA,active_mid,2,17,0.576,33.64,0.32,0.26,274.93,0.0,1,39.25,0.562,0.367,0.131,0.021,69.52
u_10304,2023-08-29,NJ,MLB,active_mid,0,5,0.609,35.43,0.34,0.28,248.27,0.333,3,9.68,0.594,0.361,0.012,0.0018,44.89
u_10305,2023-01-03,NJ,NHL,always_on,0,3,0.641,35.6,0.26,0.39,478.25,1.0,2,43.34,0.741,0.319,0.07,0.0058,85.01
u_10306,2024-02-09,NJ,MLB,bonus_seeker,0,0,0.217,19.78,0.47,0.11,17.27,1.0,3,40.6,0.299,0.613,0.108,0.0463,20.51
u_10307,2024-09-29,PA,NHL,casual,0,0,0.326,19.29,0.26,0.15,72.59,0.5,2,15.16,0.269,0.636,0.09,0.0419,27.0
u_10308,2023-04-07,IL,NFL,active_mid,0,11,0.543,30.22,0.25,0.3,123.58,0.0,1,19.43,0.47,0.574,0.059,0.0179,41.46
u_10309,2023-06-28,NY,NHL,casual,1,10,0.391,24.35,0.34,0.13,77.07,1.0,2,24.92,0.326,0.495,0.165,0.0551,24.26
u_10310,2023-04-21,VA,NFL,casual,3,0,0.38,23.04,0.32,0.16,55.72,1.0,3,57.0,0.571,0.309,0.129,0.0171,33.37
u_10311,2023-07-23,NJ,NHL,dormant_high_value,2,8,0.315,23.04,0.23,0.16,105.68,1.0,3,48.77,0.275,0.661,0.272,0.1301,31.64
u_10312,2023-01-12,MI,NBA,dormant_high_value,0,16,0.141,15.22,0.25,0.23,148.77,0.5,2,25.72,0.104,0.734,0.486,0.3197,26.65
u_10313,2023-12-14,IL,NHL,always_on,0,29,0.728,36.74,0.18,0.43,348.84,0.0,0,0.0,0.661,0.322,0.054,0.0059,67.45
u_10314,2024-01-04,PA,NBA,active_mid,1,9,0.489,26.63,0.22,0.32,135.71,0.0,1,0.0,0.564,0.328,0.375,0.0537,36.72
u_10315,2024-02-01,NJ,NBA,active_mid,0,6,0.457,26.79,0.28,0.27,104.42,0.0,1,0.0,0.514,0.351,0.155,0.0265,32.91
u_10316,2024-04-16,IL,NBA,casual,3,6,0.261,18.97,0.31,0.15,57.9,0.0,1,0.0,0.356,0.455,0.018,0.0054,26.37
u_10317,2023-08-16,PA,MLB,dormant_high_value,10,26,0.065,12.77,0.2,0.17,31.71,0.333,3,6.38,0.178,0.632,0.109,0.0565,26.51
u_10318,2023-12-15,VA,NFL,dormant_high_value,0,4,0.293,21.09,0.26,0.13,234.16,0.667,3,25.93,0.205,0.597,0.32,0.1515,36.33
u_10319,2024-09-29,CO,NFL,casual,1,7,0.326,23.7,0.28,0.17,51.4,1.0,1,47.31,0.285,0.611,0.199,0.087,22.12
u_10320,2023-07-10,VA,NFL,bonus_seeker,1,0,0.272,21.25,0.54,0.04,16.03,0.0,0,0.0,0.309,0.518,0.341,0.1221,18.6
u_10321,2023-07-12,NY,NFL,active_mid,0,11,0.478,29.08,0.31,0.28,129.94,1.0,1,17.92,0.496,0.427,0.293,0.063,29.67
u_10322,2024-08-30,MA,NHL,active_mid,0,34,0.511,28.59,0.25,0.3,156.68,0.5,2,18.84,0.501,0.39,0.05,0.0097,41.37
u_10323,2024-10-26,IL,NFL,casual,2,1,0.359,24.18,0.43,0.13,65.94,1.0,2,53.18,0.421,0.51,0.244,0.0722,27.89
u_10324,2024-01-07,MA,Other,always_on,0,16,0.804,38.21,0.16,0.39,492.78,0.0,1,0.0,0.828,0.149,0.092,0.0024,84.46
u_10325,2023-11-26,NY,NFL,active_mid,0,3,0.609,31.52,0.3,0.29,147.47,1.0,1,34.86,0.618,0.334,0.01,0.0013,34.65
u_10326,2023-08-30,IL,NFL,bonus_seeker,0,11,0.348,22.88,0.51,0.1,31.94,0.0,1,0.0,0.363,0.57,0.111,0.0401,24.42
u_10327,2023-09-06,CO,MLB,active_mid,1,53,0.543,31.36,0.27,0.29,284.51,0.333,3,36.8,0.323,0.554,0.238,0.0892,38.95
u_10328,2023-12-07,MA,MLB,casual,0,25,0.413,23.7,0.39,0.16,75.51,1.0,1,46.09,0.34,0.505,0.305,0.1018,33.6
u_10329,2023-08-23,NY,NBA,casual,5,13,0.163,15.71,0.32,0.18,24.56,0.0,1,0.0,0.16,0.732,0.35,0.2152,22.24
u_10330,2023-03-26,IN,NBA,casual,2,1,0.272,20.92,0.36,0.13,39.7,1.0,1,19.03,0.352,0.477,0.234,0.0723,15.0
u_10331,2024-05-13,NJ,MLB,active_mid,0,47,0.576,32.66,0.34,0.28,276.51,0.5,2,20.38,0.569,0.42,0.465,0.0842,62.86
u_10332,2023-04-24,MI,NFL,dormant_high_value,1,16,0.272,20.6,0.26,0.21,60.82,0.333,3,11.53,0.372,0.559,0.09,0.0316,29.18
u_10333,2023-05-26,IN,Other,dormant_high_value,7,3,0.152,14.08,0.26,0.16,61.42,1.0,2,26.92,0.184,0.655,0.275,0.1469,32.43
u_10334,2023-01-14,MI,Other,dormant_high_value,3,26,0.152,16.2,0.2,0.28,108.7,0.5,2,13.98,0.192,0.78,0.431,0.2715,31.37
u_10335,2024-10-08,CO,MLB,dormant_high_value,0,10,0.207,17.01,0.23,0.2,58.3,0.667,3,55.77,0.176,0.733,0.364,0.22,21.94
u_10336,2023-03-09,PA,NFL,always_on,0,51,0.63,34.29,0.21,0.38,519.88,0.333,3,40.51,0.738,0.308,0.033,0.0026,92.33
u_10337,2023-09-24,TN,MLB,active_mid,0,18,0.565,33.64,0.27,0.25,208.09,1.0,1,18.91,0.552,0.426,0.174,0.0333,48.55
u_10338,2024-03-16,NY,NFL,bonus_seeker,0,11,0.25,18.8,0.51,0.11,23.38,1.0,1,19.1,0.327,0.536,0.357,0.1289,15.0
u_10339,2023-05-20,CO,NFL,dormant_high_value,4,11,0.217,16.2,0.14,0.21,98.72,1.0,3,30.4,0.161,0.694,0.221,0.1285,33.17
u_10340,2023-05-03,IL,NFL,bonus_seeker,0,2,0.37,21.9,0.44,0.12,12.98,0.0,0,0.0,0.416,0.445,0.184,0.0477,17.65
u_10341,2023-06-17,MA,NBA,bonus_seeker,3,2,0.283,19.29,0.49,0.11,15.4,0.0,0,0.0,0.366,0.458,0.32,0.093,22.42
u_10342,2023-01-04,NY,NHL,dormant_high_value,0,2,0.196,17.34,0.25,0.19,73.85,0.5,2,23.63,0.194,0.655,0.236,0.1246,33.53
u_10343,2024-05-08,IL,MLB,casual,1,15,0.424,25.65,0.42,0.09,58.91,1.0,1,41.86,0.439,0.554,0.398,0.1237,27.05
u_10344,2024-06-24,MI,MLB,casual,0,1,0.326,21.58,0.37,0.18,57.91,0.0,1,0.0,0.433,0.555,0.276,0.0868,25.41
u_10345,2023-08-06,NJ,NBA,active_mid,1,24,0.522,29.08,0.28,0.33,227.86,0.5,2,14.7,0.619,0.296,0.229,0.0258,51.85
u_10346,2023-11-21,VA,NFL,active_mid,0,41,0.478,27.12,0.27,0.26,162.11,0.0,1,12.53,0.414,0.545,0.275,0.088,37.94
u_10347,2023-05-13,NJ,NFL,dormant_high_value,3,4,0.239,19.13,0.27,0.19,84.76,1.0,2,25.5,0.271,0.62,0.158,0.0712,32.12
u_10348,2023-09-24,PA,Other,casual,3,8,0.185,17.34,0.36,0.16,35.55,1.0,1,34.11,0.28,0.647,0.343,0.1601,27.11
u_10349,2024-08-19,NJ,NFL,active_mid,5,9,0.522,27.28,0.32,0.32,188.93,0.0,1,37.16,0.565,0.467,0.341,0.0692,50.91
u_10350,2023-04-04,NJ,NHL,bonus_seeker,0,9,0.348,23.7,0.47,0.08,23.78,1.0,1,23.29,0.375,0.499,0.337,0.105,16.9
u_10351,2023-06-30,VA,NBA,always_on,0,1,0.804,40.98,0.17,0.39,420.3,0.0,0,0.0,0.891,0.09,0.01,0.0001,88.97
u_10352,2024-04-23,PA,NBA,active_mid,0,4,0.707,35.92,0.27,0.29,234.61,0.0,1,27.56,0.654,0.323,0.312,0.0349,36.68
u_10353,2024-05-25,PA,MLB,dormant_high_value,1,4,0.207,15.54,0.26,0.19,58.77,1.0,3,62.54,0.167,0.631,0.122,0.064,21.22
u_10354,2023-11-22,NY,NBA,dormant_high_value,1,22,0.196,18.15,0.29,0.19,104.01,1.0,3,57.16,0.207,0.579,0.298,0.1366,36.51
u_10355,2023-11-08,IL,NHL,active_mid,1,0,0.565,32.17,0.36,0.32,162.03,0.0,2,0.0,0.582,0.334,0.311,0.0433,34.52
u_10356,2023-03-30,IL,Other,dormant_high_value,0,2,0.239,18.97,0.29,0.22,67.64,0.5,2,47.84,0.198,0.597,0.199,0.0953,31.94
u_10357,2024-08-08,PA,NBA,bonus_seeker,1,6,0.435,28.42,0.46,0.1,29.92,1.0,1,17.61,0.487,0.434,0.274,0.061,20.12
u_10358,2024-02-15,NY,NFL,always_on,1,35,0.728,39.67,0.17,0.38,306.46,1.0,2,29.13,0.751,0.143,0.01,0.0004,61.62
u_10359,2024-04-03,IN,NBA,bonus_seeker,6,0,0.25,18.48,0.48,0.17,13.65,1.0,1,35.45,0.27,0.593,0.289,0.1253,26.64
u_10360,2023-01-08,PA,Other,casual,8,7,0.261,20.43,0.3,0.19,42.9,1.0,1,18.47,0.336,0.503,0.226,0.0757,28.51
u_10361,2023-04-10,CO,NFL,active_mid,1,2,0.467,31.36,0.29,0.32,97.4,1.0,1,26.85,0.502,0.346,0.04,0.0069,36.08
u_10362,2024-02-15,NY,NBA,bonus_seeker,0,7,0.293,21.41,0.51,0.09,23.33,0.0,0,0.0,0.325,0.568,0.252,0.0965,17.84
u_10363,2024-01-25,MI,NBA,bonus_seeker,3,2,0.348,20.76,0.55,0.07,20.26,0.0,0,0.0,0.255,0.612,0.138,0.0628,20.56
u_10364,2023-01-25,PA,MLB,always_on,0,11,0.75,38.37,0.25,0.43,303.43,0.5,2,8.04,0.605,0.419,0.178,0.0295,51.35
u_10365,2023-07-25,CO,NFL,casual,0,6,0.457,29.08,0.38,0.15,94.38,1.0,1,15.98,0.454,0.441,0.137,0.0329,17.35
u_10366,2023-10-20,NY,MLB,always_on,1,18,0.761,36.9,0.18,0.39,239.58,0.0,0,0.0,0.688,0.114,0.01,0.0004,53.95
u_10367,2023-11-07,TN,Other,always_on,0,102,0.761,36.74,0.18,0.36,330.49,0.0,0,0.0,0.851,0.091,0.129,0.0017,66.88
u_10368,2023-08-12,NY,NFL,dormant_high_value,3,20,0.174,15.22,0.26,0.21,52.84,1.0,2,61.1,0.099,0.778,0.338,0.2369,19.83
u_10369,2023-08-20,MI,NFL,dormant_high_value,3,25,0.207,17.34,0.21,0.23,128.44,1.0,2,73.08,0.268,0.601,0.197,0.0866,39.2
u_10370,2024-08-02,PA,Other,dormant_high_value,0,18,0.141,15.54,0.21,0.17,60.81,1.0,2,51.7,0.145,0.647,0.491,0.2714,23.12
u_10371,2023-02-21,NY,NFL,dormant_high_value,2,1,0.25,19.78,0.24,0.2,79.26,0.667,3,40.47,0.17,0.718,0.193,0.1152,30.19
u_10372,2023-09-06,MI,NHL,dormant_high_value,0,2,0.272,19.95,0.25,0.23,65.82,1.0,2,56.43,0.19,0.729,0.261,0.1538,26.9
u_10373,2024-06-14,NY,NBA,active_mid,3,1,0.467,30.05,0.33,0.34,148.04,0.5,2,28.02,0.471,0.38,0.319,0.0641,29.37
u_10374,2024-01-17,IN,NFL,dormant_high_value,4,28,0.272,21.9,0.26,0.22,143.02,0.5,2,49.66,0.209,0.716,0.291,0.1649,40.27
u_10375,2023-08-29,VA,NHL,casual,0,0,0.348,22.88,0.36,0.16,50.73,1.0,1,24.57,0.295,0.601,0.294,0.1245,25.8
u_10376,2023-01-20,IN,NBA,active_mid,0,49,0.609,31.85,0.22,0.31,183.89,1.0,1,29.43,0.569,0.35,0.114,0.0173,41.93
u_10377,2024-09-15,NJ,NBA,dormant_high_value,1,2,0.25,20.43,0.23,0.19,188.04,1.0,2,55.62,0.206,0.698,0.322,0.1785,40.51
u_10378,2024-01-06,MI,NFL,active_mid,3,5,0.522,27.77,0.36,0.31,117.9,1.0,1,22.18,0.53,0.324,0.108,0.0165,35.8
u_10379,2024-04-27,PA,NBA,casual,6,17,0.152,15.38,0.3,0.2,21.65,1.0,2,30.82,0.206,0.571,0.37,0.1678,26.05
u_10380,2024-06-20,IN,NFL,dormant_high_value,1,2,0.152,14.4,0.22,0.17,105.04,0.5,2,18.14,0.131,0.782,0.37,0.2513,36.84
u_10381,2023-04-28,IL,NFL,active_mid,0,5,0.685,32.66,0.31,0.26,145.71,1.0,1,37.72,0.745,0.13,0.024,0.0008,41.91
u_10382,2023-09-26,MI,Other,active_mid,2,37,0.435,26.3,0.24,0.31,191.2,1.0,1,23.54,0.589,0.431,0.059,0.0104,49.61
u_10383,2023-03-12,CO,NFL,always_on,0,52,0.848,47.83,0.21,0.36,296.27,1.0,1,63.11,0.799,0.16,0.046,0.0015,68.47
u_10384,2023-11-28,CO,MLB,active_mid,1,50,0.62,30.71,0.3,0.34,213.86,1.0,1,39.88,0.691,0.236,0.25,0.0182,63.75
u_10385,2023-12-21,NJ,NFL,active_mid,0,29,0.554,31.2,0.34,0.28,160.23,0.0,1,16.27,0.604,0.385,0.15,0.0229,31.65
u_10386,2023-02-24,MI,MLB,casual,0,25,0.304,20.43,0.38,0.16,62.88,1.0,2,70.29,0.311,0.592,0.365,0.1486,18.9
u_10387,2023-11-06,PA,NFL,dormant_high_value,0,31,0.228,17.34,0.26,0.17,83.09,0.5,2,13.82,0.146,0.82,0.444,0.3109,24.88
u_10388,2023-10-18,CO,Other,active_mid,1,6,0.478,27.77,0.35,0.34,136.59,1.0,1,19.65,0.661,0.226,0.201,0.0154,36.17
u_10389,2024-03-15,MI,NBA,active_mid,1,15,0.511,31.85,0.3,0.26,128.06,0.0,1,0.0,0.603,0.435,0.078,0.0135,46.63
u_10390,2023-11-25,IL,NFL,always_on,0,36,0.804,41.47,0.22,0.41,404.74,0.0,1,46.62,0.851,0.109,0.149,0.0024,79.79
u_10391,2023-05-04,NY,NFL,casual,0,2,0.207,17.01,0.31,0.19,47.14,1.0,1,35.23,0.297,0.682,0.096,0.0462,29.15
u_10392,2023-04-30,IL,NFL,casual,1,11,0.304,19.46,0.34,0.17,84.39,1.0,2,32.22,0.262,0.623,0.259,0.1193,31.59
u_10393,2023-05-24,PA,NBA,active_mid,1,0,0.489,28.91,0.28,0.26,149.69,0.5,2,34.0,0.441,0.567,0.051,0.0161,29.21
u_10394,2023-04-12,PA,NFL,casual,1,2,0.283,19.29,0.29,0.15,47.44,1.0,1,20.01,0.234,0.606,0.26,0.1208,22.5
u_10395,2024-05-04,NJ,NHL,always_on,0,6,0.75,38.04,0.19,0.37,286.2,0.0,1,31.75,0.655,0.34,0.058,0.0068,61.08
u_10396,2024-09-23,NY,NBA,always_on,1,286,0.87,42.28,0.17,0.37,334.53,0.0,0,0.0,0.856,0.203,0.062,0.0018,48.36
u_10397,2023-05-02,NY,NFL,casual,1,13,0.217,18.8,0.31,0.15,32.65,0.0,1,0.0,0.307,0.552,0.245,0.0936,23.18
u_10398,2023-10-03,MA,NBA,active_mid,1,2,0.511,29.24,0.24,0.34,141.91,0.0,1,0.0,0.527,0.375,0.284,0.0505,42.24
u_10399,2023-06-28,NJ,MLB,active_mid,1,25,0.543,30.22,0.33,0.24,180.96,1.0,1,36.62,0.521,0.391,0.223,0.0417,37.07
u_10400,2023-01-14,PA,NFL,dormant_high_value,7,10,0.12,14.24,0.29,0.13,63.02,0.5,2,27.66,0.171,0.727,0.327,0.1973,22.95
u_10401,2023-12-06,VA,NFL,always_on,0,34,0.837,40.0,0.26,0.4,571.41,0.0,0,0.0,0.761,0.296,0.155,0.011,96.44
u_10402,2024-06-29,NJ,NFL,bonus_seeker,1,1,0.315,20.92,0.42,0.13,37.2,0.0,0,0.0,0.238,0.666,0.165,0.084,16.28
u_10403,2023-04-25,CO,MLB,active_mid,3,4,0.5,29.89,0.31,0.32,125.52,1.0,1,37.79,0.427,0.514,0.149,0.0439,39.61
u_10404,2023-04-26,MI,MLB,casual,5,0,0.283,20.43,0.39,0.16,32.67,0.5,2,32.16,0.219,0.754,0.241,0.1418,22.45
u_10405,2024-11-02,VA,NBA,always_on,0,2,0.783,39.18,0.19,0.4,259.79,0.0,0,0.0,0.726,0.291,0.01,0.0008,61.18
u_10406,2024-05-19,MA,NHL,casual,4,6,0.25,19.95,0.34,0.13,40.45,1.0,2,48.04,0.204,0.663,0.348,0.1839,21.26
u_10407,2023-02-22,MA,NHL,dormant_high_value,5,0,0.217,17.17,0.32,0.15,108.57,1.0,2,37.58,0.115,0.746,0.369,0.2434,22.35
u_10408,2024-10-15,MI,NBA,always_on,0,20,0.815,41.47,0.23,0.37,294.1,0.0,0,0.0,0.82,0.126,0.186,0.0042,63.81
u_10409,2023-12-07,PA,NHL,dormant_high_value,0,9,0.141,14.89,0.25,0.19,48.17,0.667,3,31.2,0.073,0.823,0.439,0.3354,23.22
u_10410,2023-03-30,MI,NFL,casual,3,9,0.228,18.97,0.37,0.16,32.7,1.0,1,25.32,0.113,0.809,0.35,0.251,19.19
u_10411,2023-08-05,NJ,NFL,always_on,1,8,0.837,41.3,0.19,0.43,446.08,0.0,0,0.0,0.829,0.106,0.01,0.0002,87.84
u_10412,2024-07-17,VA,NFL,always_on,0,15,0.87,42.93,0.22,0.4,568.42,0.333,3,44.93,0.884,0.051,0.01,0.0001,100.0
u_10413,2024-02-09,PA,NFL,bonus_seeker,0,3,0.5,28.75,0.46,0.13,42.6,0.0,0,0.0,0.322,0.597,0.207,0.0837,21.03
u_10414,2023-08-16,CO,NBA,active_mid,1,52,0.489,27.12,0.26,0.37,160.55,0.5,2,26.3,0.607,0.307,0.32,0.0386,48.43
u_10415,2024-03-08,NY,Other,casual,12,0,0.25,18.64,0.4,0.19,54.4,0.0,2,0.0,0.405,0.513,0.22,0.0672,28.24
u_10416,2024-01-07,MA,NFL,casual,3,3,0.402,22.72,0.31,0.15,52.63,1.0,1,38.82,0.328,0.577,0.216,0.0838,28.91
u_10417,2023-03-12,NJ,NFL,casual,0,0,0.315,22.88,0.37,0.15,33.06,0.0,1,0.0,0.288,0.572,0.455,0.1856,17.69
u_10418,2024-07-23,IN,NBA,active_mid,0,9,0.533,28.42,0.3,0.29,128.45,0.5,2,8.32,0.514,0.381,0.017,0.0032,25.41
u_10419,2024-02-27,MI,Other,active_mid,0,8,0.641,33.32,0.35,0.3,190.02,0.5,2,22.87,0.597,0.376,0.01,0.0015,46.12
u_10420,2023-08-08,NY,NFL,active_mid,2,29,0.511,29.08,0.36,0.36,121.62,1.0,1,33.2,0.44,0.472,0.172,0.0455,36.06
u_10421,2023-06-02,MI,NBA,active_mid,5,81,0.435,28.42,0.31,0.24,157.69,1.0,2,51.52,0.49,0.42,0.138,0.0297,44.55
u_10422,2024-06-03,MI,NFL,dormant_high_value,9,3,0.152,16.2,0.24,0.2,31.5,1.0,2,45.12,0.119,0.741,0.314,0.205,35.47
u_10423,2024-05-13,IL,NFL,bonus_seeker,2,5,0.38,24.02,0.49,0.07,35.83,1.0,1,67.78,0.398,0.499,0.01,0.003,22.78
u_10424,2023-11-26,PA,Other,dormant_high_value,0,29,0.196,17.66,0.3,0.19,86.54,0.333,3,41.09,0.17,0.772,0.237,0.1517,20.63
u_10425,2023-01-03,NY,Other,bonus_seeker,6,3,0.283,20.27,0.58,0.1,19.52,1.0,2,73.88,0.373,0.423,0.358,0.095,15.72
u_10426,2023-08-30,NY,NFL,casual,6,19,0.261,19.95,0.35,0.15,50.6,0.667,3,32.88,0.168,0.694,0.32,0.1847,18.62
u_10427,2023-01-15,NY,Other,always_on,0,4,0.848,42.28,0.17,0.42,406.16,0.0,2,0.0,0.794,0.139,0.148,0.0043,73.05
u_10428,2023-12-15,VA,NBA,casual,0,5,0.424,23.53,0.42,0.15,74.78,0.667,3,47.88,0.356,0.55,0.289,0.1023,18.64
u_10429,2023-02-03,NJ,NHL,dormant_high_value,7,18,0.141,15.22,0.2,0.22,76.93,1.0,2,49.86,0.161,0.715,0.282,0.169,27.48
u_10430,2023-09-10,MI,NBA,dormant_high_value,4,27,0.337,25.98,0.19,0.2,84.6,1.0,4,45.58,0.221,0.716,0.496,0.2766,26.44
u_10431,2023-03-20,PA,NBA,active_mid,2,4,0.641,34.95,0.31,0.29,218.0,0.0,1,30.03,0.653,0.281,0.138,0.0135,52.49
u_10432,2023-07-07,CO,NBA,active_mid,0,21,0.457,26.79,0.34,0.27,161.04,1.0,2,45.14,0.48,0.417,0.108,0.0234,37.49
u_10433,2023-01-14,MI,MLB,dormant_high_value,9,33,0.217,18.97,0.26,0.23,96.14,0.5,2,26.46,0.227,0.665,0.413,0.2127,29.76
u_10434,2023-09-18,IN,NFL,dormant_high_value,1,5,0.174,16.68,0.25,0.21,89.01,0.667,3,38.4,0.174,0.702,0.356,0.2062,28.22
u_10435,2024-08-11,PA,NFL,active_mid,4,3,0.598,32.83,0.35,0.28,199.48,0.0,1,0.0,0.546,0.397,0.01,0.0018,50.85
u_10436,2024-07-13,PA,NFL,dormant_high_value,16,3,0.185,15.87,0.28,0.18,47.92,0.5,2,23.82,0.102,0.742,0.306,0.2037,18.96
u_10437,2023-12-07,PA,MLB,active_mid,0,49,0.641,34.46,0.33,0.35,173.86,0.5,2,29.02,0.64,0.3,0.536,0.0578,46.12
u_10438,2023-10-22,NJ,NFL,active_mid,0,14,0.5,26.96,0.33,0.27,157.36,1.0,1,24.87,0.465,0.423,0.021,0.0048,40.27
u_10439,2023-01-18,NY,MLB,dormant_high_value,5,6,0.196,16.52,0.26,0.24,56.79,1.0,2,39.54,0.26,0.68,0.273,0.1372,23.2
u_10440,2024-09-23,PA,Other,dormant_high_value,9,3,0.12,13.42,0.19,0.16,23.12,0.667,3,34.49,0.084,0.778,0.231,0.1647,23.65
u_10441,2024-07-21,PA,NFL,always_on,0,22,0.848,42.45,0.22,0.43,433.68,0.0,0,0.0,0.844,0.178,0.047,0.0013,81.01
u_10442,2024-04-15,MA,MLB,casual,3,12,0.326,21.9,0.4,0.15,66.35,1.0,1,16.8,0.237,0.633,0.362,0.1747,25.38
u_10443,2023-08-11,PA,NBA,casual,0,3,0.293,22.55,0.32,0.2,41.11,1.0,2,30.1,0.386,0.586,0.347,0.1251,22.22
u_10444,2024-02-11,CO,NHL,active_mid,0,11,0.674,34.62,0.29,0.23,199.49,1.0,1,35.06,0.618,0.303,0.241,0.028,33.54
u_10445,2024-04-07,PA,NFL,always_on,0,12,0.891,43.1,0.24,0.43,633.7,0.0,0,0.0,0.814,0.225,0.055,0.0023,92.75
u_10446,2023-04-20,MA,MLB,always_on,0,22,0.837,43.1,0.24,0.39,383.04,0.0,0,0.0,0.845,0.01,0.064,0.0001,66.71
u_10447,2024-07-08,IN,NHL,active_mid,1,26,0.587,29.73,0.22,0.23,202.24,1.0,1,37.52,0.642,0.252,0.13,0.0118,50.77
u_10448,2023-10-23,CO,Other,casual,3,5,0.25,18.64,0.35,0.19,45.05,1.0,1,26.02,0.334,0.551,0.174,0.0639,22.55
u_10449,2023-05-02,MI,MLB,dormant_high_value,0,1,0.217,20.27,0.22,0.24,91.08,0.667,3,34.74,0.117,0.631,0.272,0.1517,28.21
u_10450,2023-05-13,NY,NBA,active_mid,0,17,0.467,25.65,0.32,0.24,124.75,0.5,2,5.47,0.5,0.364,0.107,0.0195,34.07
u_10451,2024-08-11,CO,NBA,bonus_seeker,9,2,0.391,24.67,0.49,0.11,35.84,1.0,1,30.98,0.291,0.607,0.122,0.0525,18.89
u_10452,2023-08-07,PA,NHL,casual,4,6,0.25,18.8,0.31,0.14,35.82,1.0,1,17.28,0.177,0.747,0.274,0.1685,19.14
u_10453,2023-01-06,PA,NBA,always_on,0,4,0.739,36.58,0.2,0.38,401.56,0.0,0,0.0,0.646,0.3,0.125,0.0132,68.62
u_10454,2023-02-13,MA,NFL,dormant_high_value,2,30,0.13,14.57,0.31,0.21,22.58,0.0,2,11.19,0.198,0.711,0.362,0.2063,20.9
u_10455,2023-06-08,IN,Other,bonus_seeker,1,10,0.37,20.43,0.48,0.08,24.87,0.0,0,0.0,0.499,0.369,0.281,0.0519,15.0
u_10456,2023-03-09,NJ,MLB,dormant_high_value,3,26,0.098,12.12,0.25,0.2,27.88,0.667,3,19.77,0.217,0.713,0.24,0.1338,26.71
u_10457,2023-10-13,IL,MLB,bonus_seeker,4,0,0.38,24.51,0.48,0.12,28.6,0.0,0,0.0,0.551,0.432,0.202,0.0392,20.9
u_10458,2023-11-19,IL,NFL,dormant_high_value,1,26,0.196,18.32,0.22,0.21,80.81,1.0,2,48.02,0.269,0.601,0.285,0.1251,19.14
u_10459,2024-01-12,NJ,MLB,dormant_high_value,18,4,0.098,14.73,0.21,0.17,38.29,1.0,2,59.09,0.056,0.847,0.16,0.1283,15.0
u_10460,2024-02-19,NY,NFL,dormant_high_value,11,0,0.152,15.71,0.19,0.17,60.5,0.667,3,17.37,0.043,0.819,0.222,0.1736,21.96
u_10461,2024-08-14,NY,MLB,active_mid,1,47,0.576,33.8,0.3,0.29,207.57,0.5,2,46.96,0.633,0.341,0.128,0.016,53.5
u_10462,2024-02-09,NJ,NFL,active_mid,0,0,0.641,32.5,0.38,0.29,175.48,0.5,2,23.0,0.634,0.285,0.078,0.0082,36.17
u_10463,2023-09-11,NY,MLB,bonus_seeker,1,9,0.315,23.53,0.54,0.1,23.07,0.0,1,0.0,0.355,0.584,0.314,0.1182,25.57
u_10464,2024-03-13,NY,Other,always_on,0,18,0.772,38.04,0.19,0.42,529.63,0.0,0,0.0,0.744,0.232,0.167,0.0099,100.0
u_10465,2023-12-28,NY,NFL,casual,4,13,0.326,22.88,0.41,0.16,61.02,0.667,3,20.11,0.496,0.358,0.197,0.0355,26.27
u_10466,2023-11-12,MA,Other,casual,3,3,0.337,23.04,0.29,0.1,35.31,1.0,1,44.19,0.284,0.61,0.277,0.1209,15.63
u_10467,2024-04-04,CO,NBA,always_on,0,16,0.739,40.98,0.23,0.4,706.72,0.0,0,0.0,0.782,0.168,0.109,0.004,94.51
u_10468,2023-04-09,TN,NHL,casual,2,36,0.283,17.34,0.32,0.18,85.75,1.0,1,20.99,0.252,0.628,0.241,0.1131,29.42
u_10469,2024-09-15,PA,MLB,always_on,0,24,0.804,42.45,0.24,0.41,395.02,0.0,1,28.09,0.824,0.189,0.01,0.0003,54.53
u_10470,2024-06-29,MA,NBA,dormant_high_value,21,2,0.076,14.89,0.34,0.18,52.69,1.0,2,71.03,0.066,0.768,0.316,0.2268,25.61
u_10471,2024-03-25,IN,MLB,always_on,0,26,0.804,40.49,0.14,0.43,694.73,0.0,0,0.0,0.694,0.32,0.01,0.001,88.25
u_10472,2024-01-29,IL,NHL,dormant_high_value,4,2,0.13,15.22,0.29,0.24,60.93,1.0,2,53.08,0.076,0.761,0.332,0.2334,21.16
u_10473,2023-09-22,PA,NBA,always_on,0,27,0.848,41.79,0.19,0.36,510.27,0.0,0,0.0,0.819,0.214,0.078,0.003,89.14
u_10474,2023-06-17,MA,NFL,bonus_seeker,5,3,0.283,21.25,0.47,0.11,22.74,0.0,0,0.0,0.357,0.627,0.253,0.102,17.35
u_10475,2024-01-14,NY,MLB,always_on,1,16,0.728,35.27,0.21,0.36,495.0,0.0,0,0.0,0.697,0.271,0.068,0.0056,91.54
u_10476,2024-01-31,NY,NHL,dormant_high_value,0,7,0.25,18.48,0.28,0.22,91.5,0.75,4,25.14,0.284,0.543,0.3,0.1168,28.12
u_10477,2023-08-23,CO,MLB,bonus_seeker,1,5,0.348,20.43,0.53,0.11,22.07,0.0,0,0.0,0.29,0.586,0.285,0.1186,15.0
u_10478,2024-07-19,CO,MLB,always_on,0,148,0.804,40.98,0.12,0.38,434.66,0.0,0,0.0,0.722,0.217,0.217,0.0131,73.37
u_10479,2023-01-15,NJ,NBA,bonus_seeker,0,2,0.337,22.23,0.55,0.11,26.57,0.0,0,0.0,0.388,0.518,0.26,0.0824,15.0
u_10480,2023-09-10,VA,NHL,active_mid,0,1,0.424,25.82,0.31,0.31,193.03,0.667,3,39.61,0.554,0.348,0.246,0.0381,57.34
u_10481,2023-03-03,MA,NFL,active_mid,3,0,0.413,23.53,0.32,0.36,188.24,1.0,1,29.29,0.642,0.351,0.054,0.0068,66.38
u_10482,2023-09-01,CO,NBA,bonus_seeker,3,3,0.272,18.32,0.44,0.12,15.78,0.0,0,0.0,0.396,0.475,0.472,0.1355,18.77
u_10483,2023-10-25,VA,NFL,active_mid,1,27,0.598,32.5,0.3,0.3,197.58,0.0,1,0.0,0.699,0.22,0.01,0.0007,47.87
u_10484,2024-08-22,PA,NFL,bonus_seeker,0,4,0.228,16.03,0.49,0.09,15.49,0.0,0,0.0,0.341,0.605,0.315,0.1256,17.13
u_10485,2023-02-08,TN,NFL,always_on,0,6,0.793,38.37,0.26,0.34,316.87,1.0,1,71.99,0.795,0.153,0.129,0.004,59.48
u_10486,2024-10-04,CO,NFL,dormant_high_value,2,11,0.152,16.2,0.31,0.18,52.94,1.0,2,67.8,0.197,0.663,0.528,0.281,16.66
u_10487,2024-04-29,NJ,MLB,casual,1,11,0.478,26.3,0.33,0.18,132.76,1.0,1,25.14,0.292,0.613,0.346,0.1503,36.49
u_10488,2023-11-05,MI,NFL,always_on,1,36,0.837,41.14,0.19,0.4,660.9,1.0,1,24.7,0.811,0.198,0.01,0.0004,96.87
u_10489,2023-08-10,IL,NBA,always_on,0,1,0.826,41.3,0.17,0.31,461.8,0.0,1,34.87,0.743,0.26,0.01,0.0007,72.03
u_10490,2024-04-22,MI,NFL,bonus_seeker,3,0,0.348,23.7,0.53,0.12,25.71,0.0,0,0.0,0.225,0.696,0.396,0.2138,16.74
u_10491,2024-05-31,VA,NFL,active_mid,1,39,0.543,30.54,0.41,0.35,164.95,1.0,1,32.04,0.567,0.329,0.114,0.0163,45.03
u_10492,2024-05-15,MI,NFL,casual,6,4,0.163,14.89,0.39,0.15,29.82,0.0,1,0.0,0.252,0.631,0.241,0.1137,19.98
u_10493,2024-09-23,IL,NFL,dormant_high_value,4,10,0.283,19.62,0.3,0.22,56.88,1.0,2,74.95,0.233,0.643,0.335,0.1655,20.3
u_10494,2024-09-01,IN,NBA,bonus_seeker,6,0,0.359,22.23,0.51,0.1,22.82,0.0,1,17.74,0.349,0.594,0.125,0.0483,19.2
u_10495,2024-10-11,IL,MLB,casual,0,1,0.348,22.23,0.34,0.17,57.13,0.5,2,23.76,0.357,0.524,0.391,0.1319,15.26
u_10496,2023-11-09,PA,NBA,bonus_seeker,0,15,0.38,25.16,0.54,0.11,43.03,1.0,1,24.0,0.34,0.648,0.442,0.1889,21.81
u_10497,2024-08-20,IN,NBA,dormant_high_value,1,1,0.152,16.03,0.24,0.2,113.27,1.0,2,69.9,0.172,0.723,0.294,0.1758,28.85
u_10498,2023-04-23,NY,NFL,always_on,0,53,0.804,43.91,0.19,0.41,503.7,0.0,1,10.37,0.781,0.088,0.01,0.0002,93.57
u_10499,2024-07-08,MA,NHL,always_on,0,18,0.804,42.45,0.15,0.38,423.73,1.0,2,68.12,0.749,0.237,0.01,0.0006,86.84
u_10500,2023-03-02,IN,NBA,active_mid,4,63,0.598,31.2,0.31,0.27,123.29,1.0,1,11.57,0.715,0.195,0.23,0.0128,47.27
u_10501,2023-10-20,MA,NBA,bonus_seeker,5,1,0.435,27.77,0.48,0.11,19.28,0.0,0,0.0,0.323,0.555,0.261,0.0981,28.92
u_10502,2024-01-18,MA,NFL,casual,2,4,0.326,22.23,0.31,0.13,39.77,0.5,2,18.12,0.21,0.672,0.169,0.0899,15.77
u_10503,2023-08-21,MA,NFL,active_mid,0,39,0.576,29.73,0.34,0.33,168.6,0.0,1,0.0,0.469,0.429,0.22,0.0501,53.27
u_10504,2023-01-05,PA,NFL,active_mid,0,14,0.489,27.28,0.26,0.26,148.27,0.5,2,21.38,0.638,0.313,0.029,0.0032,39.33
u_10505,2024-10-27,IN,NFL,dormant_high_value,0,0,0.163,16.2,0.26,0.16,34.27,0.5,2,42.18,0.181,0.777,0.515,0.3278,17.79
u_10506,2024-04-21,NY,NBA,always_on,0,4,0.87,46.03,0.23,0.42,847.63,0.0,0,0.0,0.817,0.173,0.01,0.0003,100.0
u_10507,2023-09-09,NJ,NBA,active_mid,0,33,0.554,32.17,0.26,0.32,157.05,0.0,1,11.69,0.577,0.381,0.232,0.0374,40.86
u_10508,2023-04-15,NY,NBA,always_on,0,5,0.772,39.84,0.18,0.41,528.68,1.0,2,61.02,0.851,0.099,0.109,0.0016,96.53
u_10509,2024-04-24,CO,MLB,active_mid,0,2,0.609,32.99,0.34,0.29,203.64,1.0,1,37.85,0.534,0.361,0.214,0.036,39.55
u_10510,2023-04-24,CO,NHL,active_mid,0,2,0.696,35.27,0.36,0.33,110.81,0.0,1,0.0,0.545,0.38,0.223,0.0387,25.97
u_10511,2024-06-08,MI,MLB,casual,5,6,0.207,17.99,0.29,0.16,45.8,1.0,1,49.59,0.185,0.759,0.127,0.0787,23.94
u_10512,2023-01-04,PA,Other,always_on,0,81,0.717,37.39,0.23,0.42,372.57,0.0,0,0.0,0.746,0.329,0.117,0.0098,80.47
u_10513,2024-04-15,CO,NFL,always_on,2,49,0.783,36.9,0.15,0.37,286.78,1.0,1,29.67,0.797,0.154,0.01,0.0003,57.61
u_10514,2023-08-17,NJ,NFL,dormant_high_value,3,31,0.13,14.89,0.27,0.14,39.45,1.0,2,45.32,0.064,0.751,0.383,0.2692,17.2
u_10515,2023-09-11,PA,NFL,dormant_high_value,1,30,0.228,19.78,0.29,0.24,118.77,1.0,2,32.5,0.149,0.681,0.351,0.2031,38.59
u_10516,2023-09-03,IL,NBA,casual,0,6,0.315,21.41,0.3,0.22,93.97,1.0,2,21.36,0.49,0.389,0.207,0.0411,42.99
u_10517,2023-07-13,NJ,NHL,active_mid,0,2,0.565,29.73,0.22,0.32,190.04,0.667,3,52.9,0.653,0.371,0.177,0.0227,54.76
u_10518,2023-07-17,NY,NFL,always_on,0,28,0.891,43.75,0.24,0.34,491.8,0.0,1,29.92,0.856,0.171,0.201,0.0049,86.05
u_10519,2024-06-30,NY,Other,dormant_high_value,5,10,0.185,17.66,0.23,0.24,64.7,1.0,2,39.22,0.375,0.465,0.24,0.0697,17.61
u_10520,2023-10-05,NJ,NFL,bonus_seeker,1,5,0.207,17.83,0.47,0.15,17.19,0.0,0,0.0,0.231,0.704,0.527,0.2852,24.09
u_10521,2023-04-07,PA,Other,casual,0,2,0.315,23.37,0.36,0.12,90.08,0.0,2,0.0,0.423,0.38,0.278,0.061,34.58
u_10522,2023-12-14,NY,NFL,always_on,0,60,0.848,44.24,0.21,0.43,510.94,0.0,0,0.0,0.828,0.215,0.165,0.0061,100.0
u_10523,2023-10-08,MA,NFL,active_mid,1,6,0.391,23.04,0.28,0.28,130.57,1.0,1,37.88,0.529,0.436,0.063,0.0128,54.44
u_10524,2023-02-14,IN,NBA,active_mid,0,5,0.489,31.36,0.33,0.35,261.13,0.5,2,26.05,0.514,0.431,0.075,0.0157,60.17
u_10525,2023-08-21,CO,NFL,bonus_seeker,0,3,0.457,25.49,0.53,0.13,43.21,0.0,1,0.0,0.347,0.493,0.058,0.0188,25.78
u_10526,2024-04-13,TN,NFL,casual,1,2,0.207,17.66,0.4,0.15,48.08,1.0,1,30.68,0.196,0.651,0.292,0.1528,29.57
u_10527,2023-07-06,PA,NFL,casual,2,11,0.163,14.08,0.37,0.21,20.12,1.0,2,23.33,0.291,0.588,0.2,0.0836,18.33
u_10528,2024-10-03,CO,NHL,dormant_high_value,6,0,0.217,16.2,0.16,0.19,84.69,0.667,3,43.41,0.248,0.685,0.379,0.1951,35.23
u_10529,2023-10-12,TN,NBA,always_on,0,41,0.87,45.22,0.25,0.38,644.49,0.0,1,0.0,0.863,0.108,0.01,0.0001,100.0
u_10530,2023-02-17,NY,NFL,active_mid,0,11,0.565,30.87,0.24,0.29,122.95,0.5,2,28.78,0.65,0.291,0.293,0.0299,34.96
u_10531,2023-08-27,VA,NBA,always_on,0,15,0.913,51.09,0.25,0.43,735.41,0.0,0,0.0,0.858,0.087,0.372,0.0046,96.59
u_10532,2023-10-24,NJ,MLB,always_on,4,2,0.739,38.7,0.18,0.4,347.23,0.0,1,0.0,0.804,0.216,0.16,0.0068,54.92
u_10533,2023-11-25,PA,NFL,bonus_seeker,4,2,0.359,23.37,0.45,0.04,24.18,1.0,1,39.68,0.349,0.578,0.121,0.0454,15.0
u_10534,2023-08-18,NJ,NBA,active_mid,0,17,0.609,30.38,0.32,0.28,170.23,0.0,1,22.45,0.605,0.35,0.136,0.0188,39.65
u_10535,2023-04-04,MA,NFL,always_on,0,12,0.88,39.51,0.17,0.34,326.01,0.0,0,0.0,0.871,0.066,0.034,0.0003,66.11
u_10536,2024-08-20,IL,NFL,active_mid,1,0,0.5,25.98,0.28,0.3,275.27,0.667,3,23.97,0.581,0.415,0.205,0.0357,62.17
u_10537,2023-04-26,MA,MLB,casual,0,2,0.348,24.35,0.44,0.15,42.01,1.0,1,34.74,0.24,0.68,0.191,0.099,30.86
u_10538,2023-01-07,PA,NFL,bonus_seeker,1,4,0.261,22.07,0.43,0.1,19.1,0.0,0,0.0,0.214,0.679,0.087,0.0466,23.14
u_10539,2024-06-01,PA,NBA,dormant_high_value,11,31,0.098,13.42,0.23,0.25,23.11,1.0,2,67.19,0.07,0.775,0.277,0.1995,16.08
u_10540,2023-08-31,NJ,MLB,always_on,0,24,0.826,41.14,0.23,0.42,585.33,0.0,0,0.0,0.767,0.1,0.08,0.0019,99.31
u_10541,2023-11-06,PA,NFL,active_mid,6,18,0.5,28.91,0.38,0.32,161.75,0.0,1,0.0,0.458,0.488,0.354,0.0937,36.71
u_10542,2023-08-13,VA,NBA,casual,1,11,0.315,21.09,0.36,0.16,64.67,0.5,2,10.09,0.296,0.686,0.184,0.089,21.51
u_10543,2024-03-14,PA,NFL,active_mid,3,77,0.533,31.68,0.27,0.33,141.02,0.0,1,0.0,0.458,0.491,0.358,0.0955,39.17
u_10544,2023-04-20,MI,Other,active_mid,1,2,0.587,31.85,0.25,0.37,300.36,0.5,2,34.58,0.611,0.228,0.139,0.0123,54.63
u_10545,2024-02-15,IN,NBA,casual,11,4,0.315,24.84,0.39,0.16,146.11,1.0,2,53.32,0.363,0.594,0.283,0.1072,30.16
u_10546,2024-07-01,PA,NHL,dormant_high_value,2,7,0.196,19.29,0.21,0.24,94.83,1.0,2,51.52,0.251,0.675,0.167,0.0845,35.42
u_10547,2024-03-03,IL,NBA,active_mid,1,0,0.565,31.85,0.31,0.31,150.79,1.0,1,26.61,0.571,0.326,0.103,0.0144,42.74
u_10548,2023-05-11,NJ,NFL,bonus_seeker,0,10,0.446,26.96,0.48,0.06,76.34,1.0,1,17.5,0.332,0.532,0.055,0.0194,29.09
u_10549,2023-07-07,NJ,NBA,active_mid,0,16,0.554,30.22,0.2,0.33,136.53,1.0,1,27.78,0.59,0.372,0.082,0.0125,43.15
u_10550,2024-07-04,NJ,Other,bonus_seeker,1,1,0.402,27.12,0.46,0.11,25.46,1.0,1,26.36,0.39,0.489,0.089,0.0267,17.28
u_10551,2024-07-01,IL,NBA,always_on,0,13,0.88,41.3,0.19,0.35,446.73,0.0,0,0.0,0.811,0.124,0.044,0.001,74.63
u_10552,2023-05-04,PA,NHL,bonus_seeker,4,11,0.391,23.04,0.47,0.07,39.75,1.0,1,37.57,0.344,0.551,0.142,0.0512,16.32
u_10553,2024-05-17,CO,NHL,bonus_seeker,1,13,0.457,26.47,0.45,0.11,26.84,1.0,1,31.28,0.321,0.542,0.14,0.0515,21.98
u_10554,2024-07-02,CO,NFL,always_on,0,4,0.837,42.61,0.19,0.38,579.54,0.0,0,0.0,0.897,0.082,0.056,0.0005,100.0
u_10555,2024-09-29,PA,NFL,casual,0,0,0.435,25.33,0.36,0.19,71.37,1.0,1,47.63,0.363,0.658,0.403,0.1685,29.44
u_10556,2024-08-08,IL,NBA,dormant_high_value,0,14,0.261,18.15,0.32,0.15,127.79,1.0,2,75.28,0.283,0.587,0.437,0.1839,34.11
u_10557,2023-01-27,MA,NBA,dormant_high_value,16,26,0.109,13.91,0.33,0.14,67.53,0.75,4,37.87,0.159,0.685,0.337,0.1938,29.36
u_10558,2024-04-16,NJ,NHL,active_mid,0,44,0.576,27.77,0.34,0.32,119.51,0.5,2,22.52,0.598,0.314,0.344,0.0433,33.91
u_10559,2023-10-31,NY,Other,active_mid,0,9,0.663,33.97,0.32,0.32,224.83,1.0,2,46.64,0.565,0.347,0.039,0.0059,39.68
u_10560,2024-08-18,MA,NFL,active_mid,2,4,0.565,30.05,0.27,0.25,189.47,0.5,2,11.3,0.604,0.399,0.447,0.0705,39.75
u_10561,2024-09-05,PA,NFL,casual,5,3,0.348,21.41,0.34,0.11,82.59,1.0,2,33.48,0.334,0.673,0.107,0.0481,18.82
u_10562,2023-08-30,IL,MLB,dormant_high_value,0,9,0.37,23.53,0.21,0.17,279.63,1.0,2,33.19,0.227,0.528,0.228,0.093,54.67
u_10563,2023-02-04,PA,NFL,dormant_high_value,5,7,0.141,14.57,0.23,0.21,59.78,1.0,3,46.01,0.176,0.684,0.246,0.1388,15.0
u_10564,2023-06-22,PA,NHL,casual,0,2,0.457,25.0,0.32,0.16,70.2,0.5,2,15.3,0.369,0.515,0.179,0.0581,24.35
u_10565,2024-07-17,NJ,NBA,bonus_seeker,0,2,0.359,24.84,0.55,0.1,39.34,0.0,0,0.0,0.383,0.582,0.092,0.033,24.15
u_10566,2024-01-30,NY,MLB,casual,13,10,0.228,17.99,0.38,0.18,36.69,1.0,1,47.77,0.336,0.668,0.306,0.136,16.98
u_10567,2024-08-27,IL,NFL,casual,3,2,0.293,21.41,0.36,0.08,50.02,0.5,2,28.82,0.377,0.561,0.42,0.1467,28.46
u_10568,2024-08-26,PA,NBA,always_on,0,4,0.87,41.63,0.15,0.38,473.09,0.0,1,0.0,0.793,0.189,0.152,0.0059,80.43
u_10569,2024-05-22,MI,NBA,casual,1,7,0.337,22.23,0.39,0.15,48.37,1.0,1,30.8,0.411,0.371,0.416,0.0908,22.58
u_10570,2023-07-03,IN,NBA,bonus_seeker,2,9,0.402,27.45,0.57,0.15,27.03,0.0,1,0.0,0.263,0.621,0.246,0.1123,22.84
u_10571,2024-01-03,CO,NFL,active_mid,1,48,0.478,28.59,0.3,0.32,208.56,0.0,2,7.22,0.437,0.553,0.128,0.0399,54.1
u_10572,2023-11-04,MA,MLB,casual,6,0,0.185,15.71,0.34,0.15,34.99,1.0,1,16.39,0.206,0.684,0.346,0.1878,19.7
u_10573,2023-10-21,NY,NHL,active_mid,1,33,0.609,32.34,0.31,0.28,251.45,1.0,1,34.64,0.669,0.298,0.129,0.0127,61.63
u_10574,2023-11-26,PA,NFL,always_on,0,7,0.815,41.47,0.17,0.41,597.71,0.0,0,0.0,0.837,0.144,0.225,0.0053,100.0
u_10575,2023-04-29,MA,NFL,always_on,0,38,0.837,41.47,0.22,0.39,517.34,0.0,2,59.24,0.743,0.203,0.05,0.0026,91.29
u_10576,2023-11-15,PA,NFL,dormant_high_value,2,31,0.207,17.17,0.22,0.14,79.91,0.5,2,48.38,0.209,0.724,0.27,0.1547,24.24
u_10577,2023-09-14,IL,NBA,always_on,0,9,0.783,37.39,0.13,0.39,405.46,0.0,0,0.0,0.837,0.096,0.01,0.0002,87.49
u_10578,2024-07-17,NY,NBA,bonus_seeker,10,8,0.207,18.32,0.52,0.07,18.3,0.0,0,0.0,0.261,0.558,0.264,0.109,23.97
u_10579,2023-04-20,IL,NBA,casual,7,0,0.152,15.54,0.36,0.14,27.03,1.0,2,48.6,0.235,0.682,0.4,0.2086,15.0
u_10580,2023-06-25,IN,NFL,bonus_seeker,1,8,0.446,23.37,0.58,0.11,41.85,1.0,1,85.24,0.451,0.513,0.235,0.0661,25.33
u_10581,2023-11-28,IN,NFL,always_on,0,24,0.804,42.77,0.2,0.42,669.68,0.0,0,0.0,0.796,0.209,0.091,0.0039,100.0
u_10582,2023-10-17,MA,NBA,bonus_seeker,10,1,0.348,23.21,0.5,0.09,24.38,0.0,0,0.0,0.306,0.623,0.331,0.1433,16.03
u_10583,2023-05-20,MA,NBA,casual,4,9,0.185,16.68,0.33,0.16,25.42,1.0,1,42.94,0.218,0.683,0.294,0.157,17.59
u_10584,2024-01-08,CO,Other,active_mid,1,24,0.728,31.85,0.34,0.31,178.97,1.0,2,34.86,0.66,0.225,0.153,0.0117,38.48
u_10585,2024-06-17,IL,NFL,casual,1,2,0.348,22.72,0.32,0.14,76.17,1.0,1,49.86,0.335,0.498,0.226,0.0749,16.93
u_10586,2023-11-10,NJ,MLB,dormant_high_value,6,21,0.087,14.73,0.26,0.24,46.19,0.667,3,38.67,0.033,0.796,0.313,0.241,22.58
u_10587,2023-06-23,PA,NBA,dormant_high_value,3,11,0.25,18.32,0.19,0.17,94.07,0.667,3,31.3,0.274,0.643,0.549,0.2559,18.83
u_10588,2023-10-15,PA,NBA,dormant_high_value,5,21,0.13,15.22,0.28,0.19,38.66,0.667,3,25.35,0.173,0.699,0.205,0.1185,27.24
u_10589,2023-03-10,VA,MLB,dormant_high_value,11,3,0.065,12.12,0.32,0.21,18.6,1.0,2,42.54,0.09,0.733,0.304,0.2028,20.6
u_10590,2024-01-28,PA,MLB,dormant_high_value,9,1,0.174,16.52,0.28,0.24,30.54,1.0,2,68.4,0.141,0.688,0.311,0.1841,15.09
u_10591,2023-02-05,CO,Other,active_mid,2,15,0.511,30.87,0.29,0.29,115.51,0.0,2,9.49,0.617,0.39,0.159,0.0238,42.65
u_10592,2023-07-09,CO,NFL,dormant_high_value,4,5,0.109,13.26,0.19,0.22,47.2,0.5,2,12.84,0.258,0.703,0.379,0.1977,27.1
u_10593,2024-07-15,IL,NFL,casual,1,23,0.413,24.02,0.31,0.15,55.0,0.5,2,20.16,0.337,0.547,0.243,0.0881,28.83
u_10594,2024-06-17,MA,MLB,always_on,0,14,0.793,37.07,0.13,0.44,392.55,0.0,0,0.0,0.754,0.177,0.089,0.0039,71.24
u_10595,2023-08-26,NY,NBA,bonus_seeker,1,0,0.272,20.27,0.53,0.06,25.83,0.0,0,0.0,0.184,0.747,0.242,0.1473,23.63
u_10596,2023-06-13,CO,NFL,active_mid,0,1,0.565,31.85,0.35,0.29,214.53,0.0,1,31.83,0.484,0.371,0.01,0.0019,43.21
u_10597,2024-02-04,MI,NFL,dormant_high_value,1,2,0.261,18.64,0.26,0.23,79.47,1.0,2,44.74,0.192,0.705,0.168,0.0958,15.0
u_10598,2024-07-27,PA,NFL,dormant_high_value,0,4,0.174,15.54,0.22,0.21,55.55,0.5,2,48.22,0.211,0.703,0.359,0.1989,28.66
u_10599,2024-07-22,NY,NHL,dormant_high_value,2,3,0.13,13.91,0.28,0.17,78.37,1.0,2,61.45,0.152,0.684,0.329,0.1908,24.26
u_10600,2024-04-03,IL,NFL,dormant_high_value,18,2,0.163,18.15,0.17,0.26,67.55,1.0,2,64.03,0.071,0.794,0.392,0.2888,17.97
u_10601,2023-01-09,MI,NFL,casual,0,7,0.435,23.86,0.34,0.14,45.87,0.5,2,18.27,0.467,0.483,0.309,0.0795,27.63
u_10602,2024-05-22,NJ,NFL,dormant_high_value,12,1,0.141,14.89,0.23,0.17,43.68,0.5,2,15.82,0.302,0.625,0.335,0.1463,29.42
u_10603,2023-06-02,MI,NFL,dormant_high_value,18,68,0.043,12.28,0.27,0.23,19.13,0.667,3,22.81,0.051,0.858,0.509,0.415,15.0
u_10604,2024-01-24,MI,NFL,dormant_high_value,14,14,0.152,15.22,0.23,0.16,61.94,0.667,3,31.88,0.178,0.721,0.393,0.2328,21.27
u_10605,2023-06-05,PA,NBA,bonus_seeker,0,3,0.402,27.28,0.54,0.1,30.94,0.0,1,0.0,0.364,0.551,0.19,0.0668,15.0
u_10606,2023-01-16,TN,NFL,casual,0,1,0.283,22.23,0.36,0.17,27.86,1.0,1,23.42,0.245,0.589,0.336,0.1496,25.39
u_10607,2023-03-01,MI,NHL,casual,7,0,0.185,16.68,0.32,0.16,28.25,1.0,1,28.48,0.24,0.69,0.237,0.1242,21.9
u_10608,2024-05-23,MI,NFL,bonus_seeker,4,4,0.261,20.76,0.52,0.14,22.73,0.0,0,0.0,0.188,0.688,0.399,0.223,15.0
u_10609,2023-01-14,MA,NBA,active_mid,1,19,0.587,29.73,0.33,0.26,273.57,0.0,1,33.61,0.577,0.3,0.08,0.0101,54.75
u_10610,2024-08-31,NJ,NHL,dormant_high_value,1,15,0.141,15.87,0.29,0.2,85.01,1.0,2,26.54,0.01,0.815,0.52,0.4196,18.97
u_10611,2024-08-04,NY,MLB,active_mid,2,6,0.533,28.91,0.35,0.26,136.51,0.0,1,0.0,0.575,0.427,0.046,0.0084,40.75
u_10612,2024-07-09,PA,NBA,active_mid,0,6,0.62,33.97,0.29,0.33,126.71,0.0,1,0.0,0.61,0.356,0.321,0.0445,42.95
u_10613,2024-02-10,NY,NFL,dormant_high_value,3,0,0.196,18.15,0.3,0.21,129.63,1.0,3,62.43,0.28,0.583,0.055,0.023,45.42
u_10614,2023-04-24,PA,NFL,always_on,0,25,0.696,34.13,0.19,0.42,394.62,0.0,0,0.0,0.8,0.136,0.139,0.0038,83.99
u_10615,2024-06-16,IN,MLB,always_on,0,17,0.674,38.53,0.25,0.41,333.26,0.0,2,31.51,0.761,0.302,0.077,0.0055,74.87
u_10616,2024-03-02,MI,Other,dormant_high_value,3,0,0.141,14.08,0.26,0.19,47.32,1.0,2,51.14,0.131,0.783,0.41,0.2791,23.39
u_10617,2023-01-12,IL,MLB,casual,1,6,0.304,22.88,0.34,0.13,54.36,0.5,2,22.42,0.232,0.5,0.215,0.0824,17.51
u_10618,2023-10-05,IN,NBA,active_mid,3,4,0.533,32.83,0.25,0.34,198.37,0.0,1,0.0,0.483,0.436,0.01,0.0023,45.01
u_10619,2023-07-05,MI,MLB,active_mid,1,35,0.62,32.99,0.34,0.29,165.02,1.0,1,39.53,0.538,0.308,0.262,0.0373,33.73
u_10620,2023-07-16,PA,NBA,dormant_high_value,15,3,0.207,20.11,0.19,0.22,100.11,1.0,2,53.42,0.133,0.757,0.312,0.205,24.75
u_10621,2023-06-05,NY,NFL,casual,0,3,0.228,17.66,0.33,0.14,24.38,0.0,2,0.0,0.222,0.623,0.374,0.1814,21.45
u_10622,2024-05-03,CO,NBA,casual,6,1,0.228,19.95,0.34,0.1,35.74,1.0,3,38.7,0.215,0.652,0.492,0.252,15.0
u_10623,2024-10-14,MA,Other,bonus_seeker,1,5,0.348,20.92,0.52,0.08,20.79,0.0,1,0.0,0.386,0.445,0.385,0.1053,21.48
u_10624,2023-04-25,PA,NFL,active_mid,2,14,0.457,27.77,0.35,0.27,104.25,0.0,1,0.0,0.585,0.422,0.284,0.0498,36.95
u_10625,2023-05-29,IL,MLB,casual,1,8,0.446,25.98,0.33,0.12,68.48,1.0,2,25.62,0.333,0.608,0.304,0.1235,23.01
u_10626,2023-04-01,NJ,NFL,bonus_seeker,0,1,0.435,26.79,0.42,0.06,32.37,0.0,0,0.0,0.4,0.546,0.024,0.0077,15.0
u_10627,2023-05-24,MA,NBA,active_mid,3,28,0.663,36.41,0.26,0.29,148.71,1.0,1,35.4,0.64,0.305,0.208,0.0229,34.5
u_10628,2024-06-09,MI,NFL,dormant_high_value,2,3,0.326,22.72,0.26,0.21,195.98,0.5,2,17.01,0.241,0.672,0.263,0.1343,38.86
u_10629,2023-01-07,MA,NBA,casual,11,8,0.207,17.17,0.4,0.14,38.51,1.0,2,31.63,0.133,0.811,0.321,0.226,16.75
u_10630,2024-01-04,TN,MLB,active_mid,0,28,0.663,32.17,0.29,0.29,332.96,1.0,1,15.57,0.564,0.351,0.203,0.0311,53.04
u_10631,2023-02-22,MI,NFL,always_on,1,24,0.696,36.41,0.2,0.39,274.78,1.0,2,61.92,0.813,0.04,0.039,0.0003,78.92
u_10632,2023-04-01,VA,MLB,bonus_seeker,0,4,0.467,25.98,0.55,0.1,32.56,0.0,1,0.0,0.467,0.481,0.041,0.0104,26.44
u_10633,2024-03-20,VA,MLB,bonus_seeker,0,4,0.424,26.47,0.5,0.05,32.15,1.0,3,35.17,0.305,0.574,0.299,0.1193,24.54
u_10634,2024-07-24,MI,Other,dormant_high_value,0,25,0.152,15.05,0.19,0.23,72.11,1.0,2,51.93,0.188,0.658,0.41,0.2187,25.13
u_10635,2023-03-27,IL,NFL,casual,14,12,0.228,19.95,0.26,0.12,35.48,1.0,1,46.32,0.252,0.737,0.482,0.2659,33.81
u_10636,2023-09-13,NJ,NFL,bonus_seeker,0,1,0.315,21.25,0.48,0.08,27.08,0.0,0,0.0,0.272,0.492,0.258,0.0925,18.11
u_10637,2024-04-01,PA,NFL,casual,0,7,0.293,22.72,0.29,0.13,33.46,1.0,1,33.43,0.345,0.5,0.142,0.0464,21.55
u_10638,2023-09-23,CO,Other,casual,0,3,0.359,23.7,0.28,0.12,46.11,1.0,1,39.98,0.236,0.692,0.319,0.1689,15.0
u_10639,2023-10-01,NY,Other,casual,0,11,0.261,19.95,0.36,0.12,51.64,1.0,1,18.11,0.284,0.633,0.416,0.1885,28.39
u_10640,2023-06-23,NY,NBA,dormant_high_value,17,35,0.065,12.77,0.3,0.19,26.42,0.5,2,16.54,0.09,0.686,0.44,0.2746,15.0
u_10641,2023-07-27,TN,NHL,casual,2,5,0.359,23.86,0.37,0.12,48.09,0.333,3,14.69,0.414,0.493,0.01,0.0029,24.1
u_10642,2024-08-13,IN,NBA,casual,9,13,0.337,22.23,0.37,0.17,63.11,1.0,1,35.1,0.319,0.56,0.416,0.1588,26.12
u_10643,2023-03-10,IN,NBA,casual,0,14,0.196,18.48,0.38,0.15,24.51,0.0,1,0.0,0.249,0.611,0.134,0.0615,15.74
u_10644,2023-11-04,PA,NFL,dormant_high_value,0,42,0.315,22.72,0.24,0.22,171.12,1.0,2,46.47,0.23,0.664,0.287,0.1468,28.09
u_10645,2024-05-24,NJ,MLB,always_on,1,49,0.793,37.55,0.15,0.43,423.53,1.0,1,28.06,0.733,0.22,0.01,0.0006,96.37
u_10646,2024-09-16,NJ,NFL,bonus_seeker,1,5,0.326,20.92,0.58,0.1,24.81,0.0,0,0.0,0.447,0.442,0.192,0.0467,15.0
u_10647,2023-06-11,NY,NHL,active_mid,0,19,0.5,30.05,0.3,0.3,144.65,0.5,2,23.06,0.556,0.349,0.019,0.003,46.13
u_10648,2023-12-10,NJ,MLB,active_mid,2,24,0.5,30.87,0.23,0.31,125.17,0.5,2,20.7,0.514,0.411,0.148,0.0295,41.07
u_10649,2024-07-10,NJ,MLB,bonus_seeker,2,3,0.37,23.53,0.47,0.08,35.18,0.0,0,0.0,0.426,0.464,0.11,0.0292,20.12
u_10650,2023-12-02,VA,NFL,dormant_high_value,6,3,0.12,15.38,0.18,0.19,40.55,0.5,2,29.26,0.09,0.748,0.499,0.3398,24.45
u_10651,2024-06-09,MA,NFL,bonus_seeker,0,11,0.304,21.41,0.45,0.1,42.35,0.0,0,0.0,0.264,0.619,0.262,0.1193,17.86
u_10652,2023-04-08,NY,NFL,bonus_seeker,1,1,0.446,30.54,0.48,0.1,42.72,0.5,2,13.68,0.295,0.544,0.289,0.1109,21.47
u_10653,2023-12-16,NJ,NFL,active_mid,1,1,0.533,28.59,0.34,0.3,290.27,1.0,1,33.31,0.471,0.451,0.21,0.0501,54.88
u_10654,2023-08-18,CO,NFL,casual,0,1,0.293,22.07,0.42,0.1,42.71,1.0,2,46.04,0.329,0.565,0.226,0.0857,20.84
u_10655,2024-10-21,NJ,Other,dormant_high_value,2,6,0.283,20.6,0.3,0.19,114.46,1.0,2,59.75,0.237,0.727,0.257,0.1426,32.81
u_10656,2023-06-28,VA,NBA,casual,0,4,0.228,16.85,0.29,0.15,28.97,1.0,1,21.14,0.241,0.618,0.382,0.1794,17.9
u_10657,2024-01-21,PA,NFL,casual,2,0,0.25,20.11,0.33,0.17,50.22,1.0,1,30.11,0.322,0.516,0.228,0.0798,25.04
u_10658,2024-07-12,PA,NFL,active_mid,0,33,0.641,34.46,0.32,0.34,131.69,1.0,1,28.79,0.576,0.374,0.067,0.0106,25.2
u_10659,2023-07-12,PA,NBA,bonus_seeker,0,14,0.413,25.33,0.57,0.11,26.43,0.0,0,0.0,0.431,0.519,0.333,0.0984,16.24
u_10660,2024-10-12,NJ,NBA,casual,0,4,0.37,20.76,0.28,0.17,53.33,1.0,1,30.78,0.239,0.662,0.268,0.1349,23.48
u_10661,2023-11-20,IL,NBA,always_on,0,8,0.761,35.92,0.22,0.4,565.2,0.0,1,36.49,0.67,0.218,0.069,0.005,91.03
u_10662,2023-04-17,MA,Other,active_mid,0,4,0.717,38.37,0.26,0.27,307.98,1.0,1,10.74,0.557,0.379,0.044,0.0074,44.49
u_10663,2023-12-19,IL,NBA,casual,1,4,0.326,21.41,0.3,0.1,40.52,1.0,1,30.65,0.332,0.527,0.33,0.1164,15.0
u_10664,2024-06-30,NJ,Other,dormant_high_value,1,84,0.196,17.17,0.24,0.2,84.71,1.0,2,64.62,0.128,0.755,0.296,0.1952,21.64
u_10665,2024-01-31,CO,NHL,dormant_high_value,2,23,0.163,15.54,0.25,0.14,75.77,1.0,2,42.78,0.073,0.856,0.399,0.3168,20.08
u_10666,2024-04-13,CO,NFL,casual,7,7,0.359,23.7,0.4,0.15,59.83,1.0,2,29.68,0.294,0.584,0.255,0.1051,24.13
u_10667,2024-04-23,IN,Other,dormant_high_value,0,1,0.141,17.01,0.21,0.22,73.55,1.0,3,51.88,0.061,0.85,0.366,0.292,22.15
u_10668,2023-01-09,PA,NFL,dormant_high_value,1,2,0.13,14.24,0.31,0.19,64.35,1.0,2,43.22,0.211,0.566,0.243,0.1085,33.01
u_10669,2023-05-06,PA,NHL,casual,3,7,0.293,22.88,0.33,0.11,50.59,1.0,2,60.5,0.298,0.565,0.448,0.1779,15.0
u_10670,2024-01-22,IL,NFL,dormant_high_value,0,22,0.283,22.72,0.27,0.17,93.11,1.0,2,46.32,0.218,0.661,0.625,0.3228,29.38
u_10671,2024-09-07,IL,NHL,always_on,0,59,0.826,45.54,0.15,0.37,272.22,0.0,0,0.0,0.753,0.301,0.044,0.0033,59.31
u_10672,2024-01-05,PA,NHL,dormant_high_value,4,63,0.174,16.36,0.27,0.2,59.55,1.0,2,45.36,0.103,0.754,0.465,0.3147,25.74
u_10673,2024-05-24,PA,NHL,bonus_seeker,2,1,0.489,25.98,0.51,0.12,33.59,0.0,0,0.0,0.3,0.667,0.253,0.118,18.3
u_10674,2024-10-15,CO,MLB,casual,1,2,0.315,22.39,0.38,0.18,54.49,1.0,1,37.67,0.238,0.615,0.228,0.107,16.96
u_10675,2023-10-30,IN,NFL,always_on,1,11,0.826,40.98,0.18,0.35,404.56,0.0,0,0.0,0.94,0.01,0.112,0.0001,77.95
u_10676,2024-02-13,PA,NFL,dormant_high_value,0,25,0.152,14.57,0.22,0.18,46.1,0.5,2,46.73,0.165,0.712,0.39,0.2321,24.57
u_10677,2024-07-13,VA,NBA,casual,3,2,0.261,19.62,0.38,0.16,27.68,0.5,2,22.52,0.35,0.485,0.326,0.1027,23.78
u_10678,2023-07-04,CO,NFL,always_on,0,16,0.761,37.88,0.17,0.38,514.85,0.0,0,0.0,0.661,0.268,0.064,0.0058,89.02
u_10679,2023-12-12,VA,MLB,always_on,1,68,0.826,42.28,0.21,0.47,650.11,0.0,0,0.0,0.844,0.132,0.01,0.0002,100.0
u_10680,2023-05-11,MI,NFL,active_mid,0,5,0.489,30.05,0.37,0.31,106.77,0.0,1,11.88,0.464,0.489,0.31,0.0813,24.22
u_10681,2023-01-26,PA,Other,casual,4,3,0.326,21.25,0.36,0.2,50.36,1.0,1,39.85,0.272,0.611,0.463,0.2059,27.01
u_10682,2023-04-04,IN,NBA,dormant_high_value,3,56,0.109,14.73,0.27,0.14,37.33,0.5,2,40.12,0.092,0.767,0.339,0.236,19.0
u_10683,2024-08-30,NJ,NHL,active_mid,2,49,0.674,33.8,0.28,0.29,172.85,0.0,1,14.41,0.694,0.295,0.01,0.0009,46.79
u_10684,2024-01-16,VA,NFL,always_on,0,5,0.837,44.24,0.23,0.39,531.06,1.0,1,53.18,0.828,0.165,0.311,0.0088,87.68
u_10685,2024-10-09,IL,NHL,bonus_seeker,1,2,0.359,23.86,0.44,0.08,20.2,1.0,1,24.26,0.443,0.442,0.183,0.045,15.0
u_10686,2023-05-04,NJ,Other,bonus_seeker,1,7,0.315,23.21,0.51,0.05,26.31,0.0,0,0.0,0.46,0.44,0.16,0.038,20.56
u_10687,2024-11-02,IL,NBA,casual,2,14,0.228,16.52,0.35,0.19,51.37,0.5,2,24.84,0.16,0.785,0.281,0.1855,23.32
u_10688,2023-05-04,TN,NBA,active_mid,2,5,0.489,28.42,0.23,0.35,95.88,0.5,2,30.26,0.65,0.265,0.111,0.0103,37.03
u_10689,2024-06-15,NJ,MLB,dormant_high_value,0,14,0.207,17.01,0.27,0.11,113.7,0.5,2,47.8,0.128,0.787,0.266,0.1825,15.54
u_10690,2023-01-25,CO,NFL,casual,6,4,0.239,20.6,0.34,0.2,55.22,0.667,3,23.9,0.242,0.607,0.428,0.1971,21.63
u_10691,2024-04-29,MA,NBA,casual,3,19,0.261,18.8,0.34,0.16,41.76,0.667,3,42.75,0.309,0.562,0.253,0.098,30.75
u_10692,2024-06-28,MI,NFL,bonus_seeker,0,0,0.37,23.86,0.52,0.1,23.67,0.0,0,0.0,0.335,0.607,0.439,0.1774,25.58
u_10693,2024-04-16,PA,NFL,casual,1,2,0.359,24.67,0.35,0.12,79.19,1.0,1,42.09,0.324,0.535,0.335,0.1211,23.33
u_10694,2024-06-29,NY,NFL,dormant_high_value,4,2,0.13,14.57,0.19,0.16,56.98,0.0,2,0.0,0.176,0.669,0.292,0.1608,31.89
u_10695,2024-02-20,NJ,NFL,active_mid,0,1,0.565,28.26,0.32,0.28,215.29,0.0,1,0.0,0.426,0.52,0.293,0.0875,41.6
u_10696,2023-05-06,CO,NFL,casual,0,2,0.359,24.02,0.32,0.17,77.41,1.0,1,39.5,0.281,0.66,0.353,0.1673,27.45
u_10697,2024-04-23,PA,NFL,bonus_seeker,1,0,0.37,22.55,0.55,0.11,13.13,1.0,2,40.31,0.351,0.504,0.441,0.1441,15.0
u_10698,2024-07-22,VA,Other,dormant_high_value,20,0,0.152,14.24,0.18,0.21,26.65,1.0,2,64.94,0.085,0.767,0.189,0.1325,24.92
u_10699,2023-05-18,NJ,NBA,bonus_seeker,0,2,0.348,22.72,0.51,0.11,30.3,0.0,1,0.0,0.546,0.372,0.131,0.0221,38.16
u_10700,2024-02-12,MA,Other,bonus_seeker,0,2,0.391,24.35,0.46,0.1,23.73,0.0,0,0.0,0.313,0.553,0.153,0.0579,17.36
u_10701,2023-10-16,NJ,NBA,dormant_high_value,1,9,0.163,15.05,0.28,0.24,87.8,1.0,2,53.94,0.12,0.783,0.4,0.2753,22.5
u_10702,2024-02-17,NJ,NFL,casual,6,15,0.38,23.86,0.34,0.19,72.46,0.0,2,7.72,0.244,0.758,0.38,0.2181,18.36
u_10703,2023-09-16,PA,NBA,dormant_high_value,1,4,0.228,19.62,0.27,0.19,101.13,1.0,3,51.88,0.187,0.733,0.389,0.2316,32.29
u_10704,2023-11-11,PA,NBA,dormant_high_value,13,15,0.25,17.99,0.2,0.21,99.19,1.0,2,83.66,0.293,0.663,0.045,0.021,33.48
u_10705,2024-08-20,MA,NFL,always_on,1,0,0.772,40.82,0.19,0.44,365.67,0.0,1,0.0,0.758,0.151,0.145,0.0053,75.23
u_10706,2023-11-14,VA,NBA,casual,5,16,0.272,22.39,0.29,0.17,58.28,1.0,1,38.77,0.344,0.569,0.289,0.1079,20.62
u_10707,2023-03-30,IL,NFL,active_mid,1,45,0.641,31.85,0.34,0.32,219.79,1.0,1,30.6,0.524,0.339,0.401,0.0647,43.37
u_10708,2024-04-29,VA,NBA,casual,0,2,0.304,21.41,0.32,0.11,59.57,1.0,1,45.47,0.284,0.535,0.368,0.1409,15.0
u_10709,2024-01-18,IN,MLB,active_mid,0,26,0.5,28.1,0.32,0.27,112.55,1.0,1,13.87,0.476,0.478,0.3,0.075,35.57
u_10710,2024-09-19,IL,NFL,active_mid,1,48,0.533,29.57,0.32,0.31,91.95,0.5,2,25.18,0.465,0.33,0.067,0.0118,25.63
u_10711,2023-04-10,MI,NFL,bonus_seeker,1,10,0.5,28.26,0.41,0.09,30.36,1.0,1,66.31,0.434,0.521,0.547,0.1611,19.32
u_10712,2024-08-12,IL,MLB,bonus_seeker,3,2,0.413,25.98,0.47,0.09,35.93,0.0,0,0.0,0.416,0.571,0.304,0.1015,20.44
u_10713,2024-07-03,NJ,NBA,casual,4,1,0.239,18.32,0.37,0.16,37.17,0.0,1,26.51,0.247,0.634,0.396,0.189,24.43
u_10714,2023-11-11,MA,NFL,casual,3,8,0.293,20.43,0.36,0.18,49.43,1.0,1,23.18,0.277,0.625,0.312,0.1411,24.77
u_10715,2023-05-25,NJ,Other,always_on,0,41,0.87,43.75,0.17,0.37,654.18,0.0,1,31.23,0.833,0.155,0.094,0.0024,96.37
u_10716,2024-08-29,IL,NFL,active_mid,0,5,0.543,29.57,0.29,0.22,211.65,0.0,1,10.67,0.583,0.302,0.388,0.049,44.57
u_10717,2023-01-16,MA,MLB,always_on,1,65,0.848,39.67,0.21,0.44,471.08,0.0,0,0.0,0.941,0.077,0.01,0.0,74.77
u_10718,2023-10-25,NJ,Other,dormant_high_value,4,3,0.12,13.91,0.26,0.2,79.35,0.5,2,14.76,0.117,0.695,0.445,0.2727,31.66
u_10719,2024-05-25,NY,NFL,active_mid,3,6,0.5,29.24,0.34,0.26,101.17,1.0,1,32.43,0.615,0.386,0.225,0.0335,33.65
u_10720,2023-10-20,VA,NFL,always_on,0,30,0.902,45.05,0.18,0.4,666.19,0.0,1,43.44,0.899,0.049,0.01,0.0,90.91
u_10721,2023-01-17,IL,NFL,dormant_high_value,2,41,0.261,19.95,0.29,0.19,112.67,0.5,2,16.02,0.303,0.592,0.098,0.0402,34.92
u_10722,2023-11-11,NY,NFL,dormant_high_value,4,4,0.141,15.71,0.26,0.21,94.07,0.5,2,17.84,0.167,0.701,0.483,0.2818,32.72
u_10723,2024-04-29,MA,NFL,active_mid,0,9,0.576,32.17,0.31,0.29,195.96,1.0,1,10.28,0.657,0.227,0.242,0.0188,41.67
u_10724,2023-12-17,IL,MLB,bonus_seeker,1,3,0.337,24.51,0.48,0.09,22.54,0.0,0,0.0,0.233,0.641,0.128,0.0627,15.0
u_10725,2023-08-11,CO,NFL,active_mid,0,0,0.663,36.25,0.31,0.32,196.34,1.0,2,34.76,0.521,0.4,0.314,0.0601,38.31
u_10726,2023-07-18,TN,NBA,dormant_high_value,5,18,0.109,12.28,0.25,0.23,31.44,1.0,3,51.27,0.103,0.713,0.374,0.2395,15.0
u_10727,2024-10-21,MA,Other,active_mid,2,76,0.533,30.38,0.35,0.31,143.18,1.0,1,36.83,0.521,0.462,0.144,0.0318,39.74
u_10728,2024-05-03,PA,NHL,casual,0,1,0.37,23.21,0.46,0.15,57.89,1.0,2,45.12,0.224,0.671,0.245,0.1276,18.42
u_10729,2024-07-15,MI,NBA,dormant_high_value,12,30,0.196,16.03,0.28,0.19,61.4,0.5,2,23.3,0.339,0.679,0.252,0.1133,22.82
u_10730,2023-06-14,IN,NFL,dormant_high_value,10,4,0.141,14.4,0.22,0.2,65.11,1.0,2,43.99,0.197,0.635,0.149,0.0757,23.84
u_10731,2024-01-18,NJ,NBA,active_mid,0,49,0.641,32.5,0.3,0.35,109.37,1.0,1,36.0,0.639,0.305,0.096,0.0105,36.17
u_10732,2024-01-13,NY,NBA,active_mid,3,7,0.489,26.47,0.33,0.25,164.04,1.0,1,22.16,0.51,0.409,0.318,0.0637,44.8
u_10733,2023-08-10,NY,NBA,bonus_seeker,1,1,0.38,23.7,0.45,0.07,17.51,1.0,1,35.31,0.289,0.601,0.104,0.0444,19.98
u_10734,2024-04-02,MA,NFL,casual,0,0,0.38,22.72,0.38,0.14,64.62,1.0,1,19.86,0.236,0.7,0.323,0.1729,21.0
u_10735,2023-02-10,IL,NHL,always_on,0,48,0.837,36.58,0.19,0.44,396.18,0.0,0,0.0,0.837,0.13,0.136,0.0029,73.28
u_10736,2023-04-16,IL,NBA,casual,2,5,0.348,22.39,0.34,0.19,69.06,0.5,2,27.73,0.321,0.513,0.141,0.0491,15.0
u_10737,2024-10-07,VA,NFL,active_mid,1,2,0.554,29.08,0.36,0.3,138.82,1.0,1,33.19,0.616,0.406,0.122,0.019,40.55
u_10738,2023-02-12,MI,NFL,casual,1,3,0.293,24.51,0.37,0.18,68.12,1.0,1,27.48,0.27,0.625,0.236,0.1075,25.7
u_10739,2024-03-17,NJ,NBA,casual,9,2,0.283,22.07,0.37,0.13,27.41,1.0,2,57.46,0.248,0.684,0.143,0.0733,18.23
u_10740,2023-04-18,PA,NHL,bonus_seeker,3,5,0.25,17.34,0.48,0.13,11.41,1.0,1,21.35,0.291,0.63,0.284,0.1271,20.68
u_10741,2023-12-18,PA,MLB,casual,4,4,0.304,21.25,0.35,0.12,43.94,1.0,1,28.75,0.322,0.609,0.218,0.09,21.84
u_10742,2024-03-15,PA,MLB,active_mid,0,10,0.489,30.22,0.35,0.31,105.7,0.5,2,46.12,0.556,0.351,0.289,0.0451,34.58
u_10743,2023-01-03,IL,NFL,bonus_seeker,0,0,0.391,27.12,0.44,0.09,21.83,1.0,1,19.48,0.465,0.492,0.01,0.0026,23.42
u_10744,2023-08-24,IN,NBA,casual,0,9,0.25,17.66,0.28,0.13,45.3,1.0,2,44.75,0.247,0.718,0.349,0.1888,17.67
u_10745,2023-05-20,NY,NBA,always_on,0,59,0.728,38.53,0.18,0.33,511.89,0.0,1,26.7,0.804,0.185,0.018,0.0007,97.56
u_10746,2023-09-27,CO,NFL,casual,5,24,0.293,21.25,0.37,0.16,33.43,1.0,2,38.49,0.289,0.561,0.26,0.1039,26.97
u_10747,2024-09-11,MI,NFL,bonus_seeker,0,3,0.348,23.53,0.47,0.12,14.14,1.0,1,26.28,0.259,0.695,0.252,0.1301,15.0
u_10748,2023-12-26,PA,MLB,always_on,1,20,0.783,39.35,0.23,0.38,440.98,0.0,0,0.0,0.802,0.264,0.01,0.0005,74.39
u_10749,2024-01-27,NJ,NFL,active_mid,1,5,0.554,29.4,0.29,0.32,137.73,1.0,2,40.88,0.491,0.511,0.234,0.061,37.64
u_10750,2024-10-03,PA,NBA,dormant_high_value,0,41,0.207,17.01,0.24,0.15,71.81,1.0,2,56.59,0.32,0.558,0.224,0.085,35.01
u_10751,2023-12-02,NJ,NFL,always_on,0,8,0.696,34.29,0.21,0.39,486.53,0.0,0,0.0,0.793,0.132,0.114,0.0031,100.0
u_10752,2024-05-04,VA,NFL,active_mid,0,8,0.565,30.54,0.31,0.38,131.68,0.0,1,20.46,0.647,0.35,0.245,0.0303,40.97
u_10753,2024-10-11,NJ,NFL,casual,0,0,0.348,24.35,0.25,0.17,75.96,1.0,1,29.42,0.436,0.424,0.181,0.0432,29.18
u_10754,2023-05-09,PA,Other,dormant_high_value,3,17,0.163,16.36,0.27,0.18,47.34,1.0,3,54.7,0.19,0.712,0.418,0.241,23.01
u_10755,2023-08-15,CO,NHL,active_mid,2,32,0.511,25.98,0.25,0.27,135.13,0.0,1,19.17,0.565,0.336,0.102,0.0148,34.97
u_10756,2024-08-21,TN,Other,active_mid,0,34,0.565,30.87,0.27,0.32,218.77,0.0,1,10.35,0.501,0.435,0.231,0.0503,37.93
u_10757,2024-10-24,NJ,NBA,bonus_seeker,0,3,0.359,25.0,0.45,0.1,20.01,1.0,2,59.01,0.339,0.546,0.317,0.1146,21.26
u_10758,2023-07-08,NJ,NFL,always_on,0,2,0.826,42.45,0.3,0.41,360.69,0.0,0,0.0,0.866,0.053,0.157,0.0011,75.4
u_10759,2023-08-05,NJ,NBA,active_mid,0,64,0.576,32.34,0.28,0.32,207.15,1.0,2,26.0,0.606,0.412,0.02,0.0033,53.76
u_10760,2023-04-17,NJ,NBA,dormant_high_value,15,18,0.087,12.28,0.26,0.25,21.02,1.0,2,67.79,0.12,0.643,0.42,0.2378,21.99
u_10761,2023-04-19,NY,NHL,casual,1,0,0.293,21.41,0.43,0.21,57.8,0.0,1,0.0,0.213,0.701,0.46,0.2535,15.0
u_10762,2023-01-13,IL,NFL,casual,3,9,0.315,22.55,0.4,0.21,44.89,0.0,2,20.81,0.324,0.579,0.237,0.0926,24.44
u_10763,2024-05-27,NY,NBA,active_mid,1,47,0.511,32.34,0.29,0.28,97.48,0.0,1,22.03,0.55,0.376,0.083,0.014,34.54
u_10764,2024-10-20,NJ,NFL,dormant_high_value,5,15,0.25,19.62,0.22,0.21,121.29,1.0,2,36.16,0.283,0.567,0.42,0.171,37.56
u_10765,2024-05-09,MI,NFL,bonus_seeker,3,4,0.207,18.15,0.49,0.12,16.16,1.0,3,48.57,0.329,0.642,0.291,0.1256,22.13
u_10766,2023-09-18,PA,MLB,active_mid,0,5,0.576,30.71,0.32,0.26,148.44,0.5,2,18.74,0.602,0.37,0.289,0.0426,46.82
u_10767,2024-09-11,PA,NBA,always_on,0,76,0.924,44.08,0.25,0.38,393.17,0.0,1,0.0,0.791,0.161,0.168,0.0056,66.01
u_10768,2023-09-22,NY,NFL,casual,0,24,0.196,19.62,0.27,0.16,37.39,1.0,1,31.35,0.322,0.535,0.495,0.1795,18.83
u_10769,2024-10-12,TN,NFL,active_mid,0,18,0.489,29.57,0.29,0.31,141.73,0.5,2,57.2,0.55,0.455,0.294,0.0602,32.81
u_10770,2024-10-04,NJ,NBA,dormant_high_value,3,26,0.272,19.13,0.26,0.19,116.37,1.0,2,76.25,0.24,0.719,0.147,0.0802,31.67
u_10771,2024-02-17,IN,MLB,active_mid,0,21,0.533,30.38,0.26,0.31,157.34,0.333,3,26.02,0.569,0.387,0.402,0.067,43.02
u_10772,2024-04-12,MI,NHL,dormant_high_value,1,34,0.185,16.68,0.33,0.21,97.79,1.0,2,60.51,0.089,0.767,0.36,0.2519,19.86
u_10773,2024-09-05,NJ,Other,casual,0,8,0.185,18.8,0.34,0.18,26.45,0.5,2,19.66,0.324,0.601,0.255,0.1038,24.47
u_10774,2023-07-21,TN,MLB,active_mid,0,14,0.511,29.08,0.35,0.32,108.15,0.667,3,32.12,0.574,0.378,0.192,0.0309,31.52
u_10775,2023-07-26,NY,NFL,dormant_high_value,0,1,0.12,14.57,0.26,0.2,60.95,1.0,2,78.57,0.083,0.785,0.177,0.1271,27.56
u_10776,2024-10-22,NJ,MLB,casual,4,19,0.315,20.6,0.36,0.16,44.6,0.667,3,28.47,0.355,0.553,0.259,0.0925,20.18
u_10777,2023-02-11,MI,NBA,active_mid,0,9,0.457,24.84,0.33,0.27,162.41,0.0,1,0.0,0.494,0.399,0.06,0.0121,42.59
u_10778,2024-01-18,MA,NFL,active_mid,1,15,0.446,28.42,0.29,0.34,72.42,0.0,1,23.62,0.584,0.4,0.074,0.0124,31.39
u_10779,2023-11-15,IL,NHL,active_mid,5,0,0.543,29.24,0.34,0.33,78.92,1.0,2,35.36,0.694,0.272,0.01,0.0008,31.56
u_10780,2023-02-03,NJ,NFL,active_mid,1,3,0.609,30.38,0.31,0.33,183.65,0.0,1,16.88,0.664,0.273,0.209,0.0192,41.89
u_10781,2024-08-20,PA,Other,bonus_seeker,0,10,0.326,20.76,0.46,0.13,18.47,0.0,0,0.0,0.251,0.668,0.416,0.2079,19.64
u_10782,2023-04-22,MI,NBA,casual,6,1,0.272,19.46,0.31,0.14,28.12,1.0,1,48.51,0.289,0.632,0.523,0.2351,19.38
u_10783,2023-03-23,NY,NBA,casual,0,6,0.391,23.21,0.37,0.15,118.18,1.0,1,21.11,0.364,0.611,0.343,0.1333,32.01
u_10784,2023-08-20,NY,MLB,dormant_high_value,0,8,0.196,15.38,0.35,0.17,99.53,0.5,4,20.85,0.188,0.733,0.251,0.1492,30.56
u_10785,2024-03-07,NJ,NHL,always_on,0,22,0.88,42.28,0.18,0.36,604.3,1.0,1,40.06,0.875,0.066,0.017,0.0001,100.0
u_10786,2024-06-02,NJ,NBA,bonus_seeker,9,6,0.326,22.39,0.46,0.09,21.39,0.0,0,0.0,0.368,0.572,0.113,0.0407,16.66
u_10787,2024-07-30,IN,NBA,casual,2,6,0.348,22.55,0.38,0.15,70.91,1.0,3,38.85,0.315,0.577,0.272,0.1076,25.93
u_10788,2024-01-14,PA,NFL,bonus_seeker,4,0,0.359,22.23,0.48,0.14,25.63,0.0,0,0.0,0.265,0.59,0.336,0.1456,23.64
u_10789,2024-04-08,TN,NBA,always_on,1,6,0.761,36.41,0.22,0.39,326.07,0.0,0,0.0,0.756,0.209,0.052,0.0026,67.19
u_10790,2023-11-26,PA,NFL,dormant_high_value,3,30,0.109,15.22,0.29,0.17,27.47,0.667,3,18.97,0.068,0.789,0.352,0.2588,15.49
u_10791,2024-08-07,MA,MLB,bonus_seeker,0,24,0.467,27.77,0.52,0.11,23.85,0.0,0,0.0,0.388,0.455,0.168,0.0467,15.0
u_10792,2023-10-10,NY,NBA,bonus_seeker,0,1,0.326,22.39,0.47,0.12,23.91,1.0,1,24.68,0.448,0.482,0.328,0.0874,17.57
u_10793,2023-12-14,PA,MLB,active_mid,0,32,0.511,27.12,0.26,0.27,124.83,1.0,2,35.1,0.459,0.528,0.207,0.0592,24.94
u_10794,2024-05-30,NY,NFL,dormant_high_value,5,13,0.207,18.8,0.25,0.23,46.49,0.667,3,25.12,0.208,0.712,0.462,0.2604,17.38
u_10795,2023-01-05,PA,NFL,always_on,0,32,0.707,38.37,0.21,0.36,529.57,0.333,3,26.43,0.714,0.241,0.03,0.0021,100.0
u_10796,2023-01-22,CO,MLB,always_on,0,131,0.685,38.7,0.21,0.45,396.32,0.0,1,16.49,0.714,0.355,0.244,0.0248,93.7
u_10797,2023-02-09,TN,NFL,bonus_seeker,0,0,0.37,25.82,0.5,0.08,32.36,1.0,1,21.61,0.41,0.459,0.164,0.0444,15.25
u_10798,2023-04-06,IL,NFL,active_mid,1,4,0.565,35.6,0.34,0.31,181.06,0.0,1,0.0,0.638,0.292,0.265,0.0281,45.92
u_10799,2023-02-23,NY,NFL,always_on,0,4,0.902,45.54,0.15,0.4,576.02,0.0,0,0.0,0.856,0.153,0.01,0.0002,94.9
u_10800,2023-01-14,NJ,Other,active_mid,0,0,0.652,35.76,0.25,0.28,135.98,1.0,1,17.58,0.585,0.379,0.048,0.0075,25.14
u_10801,2024-06-19,NJ,MLB,dormant_high_value,7,1,0.12,14.08,0.26,0.19,51.78,0.667,3,44.23,0.222,0.648,0.459,0.2318,22.36
u_10802,2023-09-02,CO,NFL,bonus_seeker,2,6,0.413,27.77,0.52,0.1,48.47,0.0,0,0.0,0.383,0.538,0.324,0.1076,17.22
u_10803,2023-08-09,MI,NFL,active_mid,0,0,0.565,31.03,0.27,0.28,134.16,0.0,1,36.84,0.495,0.501,0.184,0.0465,30.95
u_10804,2023-03-02,VA,NFL,casual,3,4,0.293,19.95,0.35,0.14,41.58,1.0,1,25.4,0.309,0.63,0.291,0.1268,26.4
u_10805,2024-06-15,NJ,MLB,active_mid,1,20,0.359,25.82,0.33,0.29,108.93,0.0,1,38.77,0.39,0.507,0.288,0.0891,36.35
u_10806,2024-08-12,CO,MLB,always_on,0,9,0.826,37.72,0.19,0.35,390.48,1.0,1,65.56,0.805,0.079,0.13,0.002,71.64
u_10807,2024-05-10,PA,NFL,always_on,0,5,0.837,35.76,0.14,0.41,586.32,0.0,1,46.75,0.86,0.222,0.01,0.0003,100.0
u_10808,2024-04-19,IL,NFL,bonus_seeker,0,1,0.326,21.09,0.5,0.07,30.19,1.0,1,53.84,0.385,0.489,0.359,0.1078,22.85
u_10809,2023-02-18,CO,NFL,dormant_high_value,1,2,0.185,15.87,0.28,0.19,48.18,1.0,3,54.94,0.272,0.647,0.347,0.1635,42.69
u_10810,2023-04-15,MA,MLB,always_on,1,10,0.739,37.23,0.15,0.41,474.29,0.0,1,31.97,0.709,0.286,0.182,0.0152,95.54
u_10811,2023-09-09,IL,MLB,active_mid,0,5,0.554,30.05,0.27,0.35,220.09,0.5,2,32.61,0.63,0.256,0.094,0.0089,51.26
u_10812,2023-09-29,NJ,NFL,dormant_high_value,4,8,0.12,12.93,0.34,0.23,63.36,1.0,3,52.86,0.148,0.763,0.16,0.104,34.32
u_10813,2023-07-21,MI,NFL,always_on,2,179,0.837,43.26,0.24,0.39,596.17,0.0,1,15.03,0.829,0.149,0.085,0.0022,99.01
u_10814,2024-03-30,NJ,NFL,always_on,1,15,0.793,39.67,0.25,0.43,533.46,0.0,1,0.0,0.768,0.248,0.155,0.0089,100.0
u_10815,2023-02-10,MA,Other,bonus_seeker,0,2,0.37,25.0,0.56,0.08,16.71,1.0,1,41.23,0.328,0.576,0.293,0.1132,23.42
u_10816,2024-05-12,PA,NFL,bonus_seeker,0,4,0.424,24.84,0.48,0.13,25.23,1.0,1,22.9,0.237,0.618,0.253,0.1193,15.34
u_10817,2024-10-11,CO,MLB,casual,1,1,0.239,20.76,0.29,0.14,34.07,1.0,1,34.55,0.185,0.706,0.279,0.1607,23.55
u_10818,2024-03-13,VA,NBA,dormant_high_value,4,6,0.217,19.29,0.18,0.19,65.31,0.5,4,25.21,0.27,0.638,0.249,0.1159,23.08
u_10819,2024-10-21,IN,NFL,casual,3,3,0.283,19.46,0.38,0.15,39.24,1.0,1,30.38,0.295,0.535,0.281,0.1058,22.99
u_10820,2024-07-25,MI,NFL,active_mid,1,6,0.587,29.08,0.38,0.32,116.61,0.5,2,13.94,0.475,0.477,0.22,0.0552,28.54
u_10821,2023-05-17,CO,NFL,dormant_high_value,2,4,0.163,15.22,0.25,0.21,63.05,0.5,2,17.38,0.18,0.708,0.398,0.2314,34.58
u_10822,2023-05-30,MA,NBA,casual,1,11,0.37,26.3,0.31,0.19,64.02,0.0,1,35.13,0.241,0.588,0.475,0.2119,15.08
u_10823,2023-08-09,CO,MLB,casual,4,0,0.326,23.21,0.34,0.14,56.72,1.0,2,39.89,0.339,0.594,0.415,0.163,19.96
u_10824,2023-08-30,IN,NBA,bonus_seeker,3,5,0.293,21.9,0.5,0.12,27.37,0.0,0,0.0,0.369,0.545,0.256,0.0881,19.12
u_10825,2023-03-08,PA,NBA,always_on,0,36,0.815,40.82,0.2,0.37,499.66,0.0,0,0.0,0.786,0.11,0.01,0.0002,86.51
u_10826,2023-05-20,TN,NFL,casual,6,24,0.261,18.97,0.33,0.15,53.95,0.0,2,0.0,0.304,0.57,0.362,0.1439,16.98
u_10827,2023-01-21,VA,Other,casual,0,2,0.293,18.97,0.37,0.17,63.64,1.0,1,33.18,0.32,0.542,0.045,0.0165,23.04
u_10828,2024-01-15,MA,MLB,active_mid,0,2,0.543,31.36,0.28,0.33,240.41,0.0,1,0.0,0.592,0.362,0.323,0.0477,58.04
u_10829,2024-07-25,NY,NFL,bonus_seeker,2,15,0.457,26.63,0.5,0.07,52.48,0.0,0,0.0,0.499,0.403,0.318,0.0641,24.52
u_10830,2023-06-20,NJ,Other,casual,2,0,0.293,20.27,0.3,0.18,74.64,1.0,1,16.17,0.29,0.649,0.318,0.1465,23.0
u_10831,2024-01-04,IN,NBA,bonus_seeker,1,3,0.261,19.95,0.53,0.1,24.01,0.5,2,23.92,0.367,0.534,0.281,0.0948,17.35
u_10832,2023-05-13,NJ,NBA,dormant_high_value,3,36,0.163,14.89,0.22,0.19,38.62,1.0,2,66.33,0.28,0.624,0.243,0.109,31.3
u_10833,2023-04-30,IN,MLB,dormant_high_value,1,34,0.152,16.68,0.22,0.17,70.97,1.0,2,40.24,0.125,0.783,0.3,0.2054,23.84
u_10834,2023-11-14,CO,NHL,bonus_seeker,3,0,0.38,23.21,0.49,0.08,37.26,0.0,0,0.0,0.352,0.592,0.352,0.1352,31.08
u_10835,2024-01-05,PA,MLB,casual,2,4,0.337,22.55,0.37,0.13,75.44,1.0,1,17.97,0.312,0.588,0.366,0.1478,21.02
u_10836,2023-06-26,VA,NFL,always_on,1,70,0.761,33.15,0.26,0.37,471.26,0.0,0,0.0,0.87,0.106,0.01,0.0001,90.52
u_10837,2023-01-15,IL,NFL,casual,0,0,0.326,21.9,0.41,0.14,76.64,0.0,1,0.0,0.314,0.587,0.333,0.1339,36.13
u_10838,2024-03-21,CO,Other,bonus_seeker,1,1,0.391,26.63,0.53,0.08,33.0,0.0,1,0.0,0.261,0.597,0.177,0.0783,21.71
u_10839,2024-03-12,CO,NFL,active_mid,2,8,0.565,27.77,0.27,0.29,123.58,1.0,1,30.59,0.439,0.502,0.287,0.081,28.81
u_10840,2023-08-06,PA,NFL,dormant_high_value,2,2,0.152,14.73,0.29,0.18,73.83,1.0,4,34.69,0.11,0.774,0.295,0.2033,24.92
u_10841,2024-10-21,MI,NBA,active_mid,0,16,0.674,38.37,0.3,0.37,255.4,0.0,1,14.59,0.669,0.322,0.332,0.0354,60.5
u_10842,2024-04-07,NY,NBA,dormant_high_value,49,2,0.011,10.33,0.22,0.19,1.94,1.0,2,39.52,0.059,0.842,0.418,0.3315,24.79
u_10843,2023-10-03,VA,NBA,always_on,0,5,0.783,40.0,0.18,0.31,444.12,0.0,0,0.0,0.941,0.059,0.061,0.0002,76.41
u_10844,2024-07-26,IN,Other,dormant_high_value,0,3,0.185,15.71,0.31,0.23,72.93,0.75,4,23.28,0.312,0.573,0.381,0.15,39.22
u_10845,2024-10-03,NY,NFL,casual,2,20,0.239,20.76,0.38,0.16,50.67,0.0,1,18.28,0.21,0.722,0.317,0.1811,21.41
u_10846,2023-05-25,MA,NFL,dormant_high_value,7,23,0.12,14.57,0.28,0.13,52.38,0.333,3,10.77,0.2,0.685,0.233,0.1275,15.0
u_10847,2023-01-24,CO,NFL,always_on,0,7,0.815,44.08,0.17,0.36,235.47,0.0,0,0.0,0.714,0.272,0.01,0.0008,61.72
u_10848,2023-12-10,NY,NHL,bonus_seeker,0,1,0.217,18.97,0.46,0.11,46.54,0.0,0,0.0,0.244,0.657,0.313,0.1555,15.26
u_10849,2024-05-21,TN,NBA,bonus_seeker,3,0,0.424,23.53,0.57,0.08,53.16,1.0,1,48.06,0.307,0.552,0.196,0.0751,19.45
u_10850,2023-08-02,NJ,NFL,dormant_high_value,4,18,0.228,16.36,0.24,0.22,109.34,0.0,2,0.0,0.149,0.737,0.312,0.1959,22.05
u_10851,2024-07-26,NY,NHL,active_mid,1,9,0.576,32.99,0.27,0.26,148.17,0.0,1,12.47,0.475,0.455,0.155,0.0371,35.71
u_10852,2023-02-21,CO,NHL,casual,1,13,0.272,20.11,0.41,0.12,77.26,1.0,1,22.0,0.45,0.431,0.418,0.099,28.98
u_10853,2024-05-14,CO,NHL,always_on,0,155,0.87,43.42,0.17,0.36,403.22,0.0,1,25.19,0.858,0.053,0.018,0.0001,90.6
u_10854,2024-05-25,IL,Other,casual,0,4,0.304,24.67,0.32,0.16,43.79,1.0,1,22.41,0.319,0.538,0.448,0.1643,26.39
u_10855,2024-02-14,MA,NFL,dormant_high_value,0,5,0.272,22.72,0.21,0.22,138.52,0.5,2,31.38,0.216,0.748,0.269,0.1581,37.0
u_10856,2024-02-03,IL,MLB,dormant_high_value,4,9,0.109,13.91,0.33,0.17,36.35,1.0,2,58.96,0.125,0.792,0.1,0.0693,19.71
u_10857,2024-10-31,IL,NBA,bonus_seeker,3,6,0.326,22.39,0.53,0.08,21.79,0.0,0,0.0,0.328,0.72,0.306,0.1483,16.66
u_10858,2024-10-06,NJ,NHL,bonus_seeker,2,4,0.413,24.51,0.48,0.1,23.46,1.0,1,74.66,0.319,0.563,0.309,0.1186,15.0
u_10859,2023-12-13,PA,MLB,dormant_high_value,0,9,0.272,21.41,0.15,0.2,168.11,0.667,3,31.18,0.222,0.555,0.445,0.1923,33.95
u_10860,2024-06-07,NY,MLB,active_mid,0,1,0.761,36.9,0.3,0.27,290.95,0.333,3,20.42,0.577,0.263,0.273,0.0303,47.27
u_10861,2023-05-13,NY,MLB,bonus_seeker,1,1,0.283,22.72,0.55,0.13,21.09,0.0,0,0.0,0.205,0.707,0.316,0.1778,15.0
u_10862,2023-07-04,CO,NFL,bonus_seeker,1,2,0.391,24.67,0.46,0.08,35.49,0.0,0,0.0,0.285,0.616,0.072,0.0315,22.88
u_10863,2023-08-23,NY,NBA,casual,0,7,0.283,20.11,0.4,0.15,56.97,1.0,2,32.44,0.337,0.502,0.297,0.0988,19.16
u_10864,2024-08-30,NY,Other,casual,4,0,0.207,18.48,0.41,0.12,38.95,1.0,2,26.92,0.275,0.66,0.32,0.1531,28.22
u_10865,2023-11-13,NY,Other,bonus_seeker,0,3,0.337,24.51,0.45,0.06,16.47,1.0,1,58.14,0.384,0.594,0.33,0.1209,15.0
u_10866,2023-05-20,VA,NFL,dormant_high_value,12,0,0.163,15.05,0.27,0.2,53.61,0.75,4,28.86,0.156,0.665,0.41,0.23,29.21
u_10867,2024-02-25,VA,NFL,dormant_high_value,1,5,0.196,17.66,0.26,0.24,59.71,1.0,2,54.44,0.145,0.856,0.433,0.3172,24.85
u_10868,2024-03-13,IL,NFL,always_on,0,41,0.793,41.79,0.26,0.38,549.23,0.0,1,0.0,0.816,0.237,0.137,0.006,85.41
u_10869,2024-03-21,VA,MLB,always_on,0,27,0.837,41.63,0.23,0.45,456.31,0.0,0,0.0,0.75,0.212,0.402,0.0213,74.52
u_10870,2023-05-28,MI,NHL,casual,5,2,0.293,22.39,0.35,0.11,23.36,0.5,2,16.09,0.323,0.568,0.161,0.062,15.0
u_10871,2023-12-26,IL,NFL,casual,1,1,0.261,20.11,0.31,0.18,22.48,1.0,1,20.96,0.273,0.554,0.471,0.1895,28.36
u_10872,2024-09-15,NJ,NBA,active_mid,0,2,0.652,34.95,0.38,0.34,168.08,0.0,2,11.02,0.707,0.206,0.348,0.0209,38.84
u_10873,2024-07-08,MI,NHL,casual,2,1,0.283,21.9,0.35,0.17,77.71,1.0,1,15.6,0.333,0.57,0.225,0.0855,28.4
u_10874,2024-09-10,MA,MLB,dormant_high_value,1,6,0.25,20.11,0.19,0.23,112.92,0.5,2,26.84,0.281,0.622,0.354,0.1584,24.16
u_10875,2023-01-23,IL,NBA,dormant_high_value,3,7,0.152,14.73,0.27,0.25,50.46,1.0,2,56.22,0.12,0.832,0.497,0.3641,23.76
u_10876,2023-04-18,MI,NBA,active_mid,1,12,0.62,35.92,0.27,0.33,267.37,1.0,1,22.37,0.607,0.288,0.01,0.0011,55.0
u_10877,2024-09-20,CO,NBA,active_mid,0,24,0.641,36.74,0.35,0.32,174.61,0.0,1,0.0,0.585,0.366,0.151,0.0229,40.72
u_10878,2024-09-11,MA,NFL,dormant_high_value,15,4,0.109,13.75,0.25,0.17,29.66,1.0,2,39.94,0.131,0.814,0.419,0.2965,18.67
u_10879,2023-03-28,VA,NBA,casual,2,2,0.522,28.26,0.33,0.11,67.4,1.0,1,29.6,0.373,0.542,0.01,0.0034,19.47
u_10880,2023-04-25,PA,MLB,casual,1,14,0.337,24.51,0.31,0.18,95.12,1.0,1,24.91,0.428,0.469,0.081,0.0218,26.16
u_10881,2023-05-28,MA,NHL,active_mid,0,17,0.489,26.96,0.38,0.27,217.75,1.0,1,35.52,0.575,0.336,0.085,0.0121,63.46
u_10882,2024-07-24,PA,NBA,dormant_high_value,2,1,0.272,19.62,0.25,0.22,121.09,1.0,2,54.14,0.161,0.727,0.488,0.2972,34.72
u_10883,2023-10-02,IL,MLB,dormant_high_value,1,13,0.239,21.25,0.23,0.21,131.78,0.75,4,41.93,0.177,0.685,0.371,0.2092,35.29
u_10884,2024-06-18,MI,NFL,active_mid,1,24,0.598,34.29,0.29,0.33,144.06,0.667,3,19.45,0.696,0.201,0.087,0.0053,50.86
u_10885,2023-10-13,NJ,NBA,dormant_high_value,20,7,0.207,20.27,0.21,0.19,117.69,0.333,3,25.2,0.193,0.742,0.308,0.1844,35.61
u_10886,2024-07-15,IL,NFL,active_mid,1,15,0.478,26.63,0.27,0.29,246.28,0.0,1,13.9,0.534,0.309,0.27,0.0388,60.58
u_10887,2023-02-28,NY,NFL,casual,2,33,0.207,16.52,0.3,0.14,51.46,1.0,1,41.59,0.267,0.666,0.16,0.0779,23.76
u_10888,2024-10-17,IL,MLB,dormant_high_value,0,13,0.261,20.27,0.29,0.25,120.99,1.0,3,56.01,0.297,0.552,0.371,0.144,26.77
u_10889,2024-05-05,PA,Other,casual,6,10,0.304,22.72,0.41,0.14,56.34,1.0,1,30.08,0.257,0.584,0.54,0.2341,19.37
u_10890,2023-05-17,MI,NFL,active_mid,0,2,0.478,31.03,0.26,0.34,112.32,0.0,1,34.15,0.586,0.398,0.045,0.0075,41.65
u_10891,2023-05-12,NJ,NBA,always_on,0,74,0.935,48.48,0.25,0.37,542.61,0.0,0,0.0,0.745,0.239,0.143,0.0087,100.0
u_10892,2024-05-16,IL,NHL,active_mid,0,20,0.587,28.91,0.29,0.31,85.3,1.0,1,30.36,0.576,0.368,0.016,0.0025,30.5
u_10893,2023-09-21,NY,NFL,casual,8,13,0.239,18.48,0.38,0.11,29.35,1.0,1,20.0,0.332,0.564,0.167,0.063,22.2
u_10894,2023-10-22,IN,NBA,active_mid,0,40,0.598,31.85,0.33,0.35,138.05,0.333,3,13.27,0.573,0.447,0.041,0.0079,39.42
u_10895,2024-04-29,VA,MLB,casual,1,2,0.37,24.18,0.37,0.12,65.75,1.0,1,20.41,0.395,0.47,0.44,0.1251,34.59
u_10896,2024-03-18,TN,NBA,casual,1,3,0.348,24.84,0.29,0.13,73.03,0.0,2,0.0,0.414,0.534,0.363,0.1135,27.16
u_10897,2024-07-07,MI,NFL,always_on,2,27,0.848,39.84,0.14,0.41,386.97,0.0,0,0.0,0.801,0.242,0.172,0.0083,71.29
u_10898,2024-05-31,MA,NFL,dormant_high_value,1,9,0.12,16.36,0.25,0.25,79.88,1.0,3,48.1,0.264,0.675,0.248,0.1234,35.66
u_10899,2023-07-27,NY,MLB,dormant_high_value,21,0,0.13,14.89,0.23,0.18,43.2,1.0,2,64.48,0.159,0.687,0.393,0.2269,26.3
u_10900,2024-07-22,NY,NBA,casual,6,5,0.207,18.97,0.37,0.19,45.41,1.0,1,17.75,0.279,0.631,0.247,0.1125,25.66
u_10901,2023-03-10,PA,NFL,dormant_high_value,4,9,0.217,19.13,0.26,0.17,55.11,0.5,2,56.86,0.205,0.707,0.426,0.2395,25.73
u_10902,2023-06-20,MI,MLB,dormant_high_value,10,6,0.098,13.75,0.27,0.2,54.05,0.5,2,18.27,0.143,0.649,0.479,0.2664,27.47
u_10903,2024-05-12,VA,NFL,bonus_seeker,1,3,0.478,27.28,0.5,0.15,47.05,1.0,1,49.07,0.426,0.46,0.481,0.127,17.48
u_10904,2023-09-09,NY,MLB,casual,7,28,0.196,16.36,0.33,0.15,24.74,1.0,1,28.0,0.279,0.659,0.265,0.126,21.57
u_10905,2024-06-22,VA,NFL,always_on,0,65,0.88,41.14,0.24,0.39,238.09,0.0,0,0.0,0.832,0.118,0.01,0.0002,60.04
u_10906,2023-10-09,MA,Other,active_mid,0,18,0.522,28.42,0.26,0.28,155.74,0.5,2,26.8,0.536,0.425,0.249,0.0491,37.6
u_10907,2023-06-21,IL,NFL,casual,1,4,0.283,23.37,0.36,0.11,33.49,1.0,1,33.81,0.265,0.657,0.284,0.1371,25.02
u_10908,2023-01-08,NY,NFL,casual,0,12,0.25,18.97,0.35,0.14,23.86,1.0,1,25.12,0.214,0.661,0.188,0.0975,17.49
u_10909,2024-10-01,NJ,NFL,casual,3,15,0.261,21.41,0.33,0.12,35.38,1.0,1,46.68,0.303,0.634,0.107,0.0472,19.03
u_10910,2024-09-09,CO,NFL,bonus_seeker,0,3,0.435,24.67,0.45,0.15,31.35,0.0,1,0.0,0.383,0.567,0.522,0.1826,16.42
u_10911,2023-06-03,IL,NHL,casual,1,8,0.283,19.29,0.31,0.19,44.11,1.0,1,29.61,0.268,0.612,0.405,0.1813,24.63
u_10912,2023-02-04,NY,Other,active_mid,0,0,0.707,37.07,0.33,0.36,223.66,1.0,1,20.93,0.587,0.402,0.01,0.0017,39.27
u_10913,2024-10-22,CO,NFL,casual,0,6,0.272,21.09,0.36,0.06,33.7,0.5,2,24.91,0.237,0.636,0.276,0.1337,19.75
u_10914,2023-05-25,IN,NBA,bonus_seeker,6,6,0.304,19.62,0.53,0.1,30.05,1.0,1,69.68,0.373,0.561,0.034,0.0121,15.0
u_10915,2023-04-28,MI,MLB,casual,0,3,0.228,19.29,0.35,0.15,37.01,1.0,2,32.02,0.227,0.645,0.323,0.1609,16.01
u_10916,2023-10-27,VA,NHL,casual,3,6,0.272,18.48,0.38,0.12,45.87,1.0,1,48.49,0.349,0.56,0.417,0.1519,26.69
u_10917,2023-07-08,PA,NBA,always_on,0,5,0.815,38.37,0.25,0.41,335.53,1.0,1,25.77,0.832,0.12,0.12,0.0024,59.65
u_10918,2023-01-26,NY,NFL,active_mid,1,3,0.565,30.22,0.35,0.3,166.0,0.0,1,0.0,0.569,0.297,0.31,0.0398,37.94
u_10919,2024-03-20,MA,NBA,dormant_high_value,4,10,0.217,17.83,0.19,0.2,66.99,0.5,2,17.32,0.119,0.712,0.394,0.247,18.08
u_10920,2023-02-19,PA,MLB,always_on,1,7,0.859,44.4,0.2,0.44,425.52,0.0,1,18.25,0.739,0.144,0.08,0.003,74.31
u_10921,2024-01-01,NJ,NFL,bonus_seeker,5,13,0.359,21.09,0.48,0.14,28.27,1.0,1,23.8,0.332,0.611,0.581,0.2371,17.53
u_10922,2023-08-04,NY,NBA,always_on,0,9,0.663,35.27,0.19,0.37,360.7,1.0,1,47.15,0.699,0.259,0.169,0.0131,84.24
u_10923,2024-05-27,PA,NFL,active_mid,0,3,0.533,27.12,0.28,0.28,117.44,0.0,1,15.87,0.472,0.444,0.206,0.0482,25.94
u_10924,2023-12-08,NY,MLB,casual,3,0,0.207,17.34,0.38,0.11,43.06,1.0,1,48.76,0.195,0.698,0.412,0.2314,25.9
u_10925,2024-03-23,NY,NFL,dormant_high_value,0,0,0.196,18.48,0.28,0.18,106.48,0.333,3,6.91,0.132,0.755,0.345,0.226,26.78
u_10926,2023-06-18,NY,NBA,casual,0,8,0.283,20.92,0.31,0.14,59.19,0.0,1,0.0,0.309,0.616,0.07,0.03,25.63
u_10927,2023-08-05,NJ,NBA,bonus_seeker,4,11,0.359,24.67,0.49,0.06,49.91,0.0,0,0.0,0.352,0.681,0.345,0.1522,32.11
u_10928,2024-09-19,IL,NBA,active_mid,3,8,0.609,34.13,0.26,0.27,177.49,1.0,1,20.45,0.585,0.396,0.296,0.0488,40.34
u_10929,2024-04-03,IL,NFL,casual,1,3,0.348,21.58,0.36,0.18,57.88,1.0,1,29.87,0.264,0.568,0.33,0.1381,18.52
u_10930,2024-09-05,IL,NBA,dormant_high_value,0,21,0.163,18.64,0.27,0.18,66.24,1.0,2,37.78,0.166,0.735,0.389,0.2384,29.29
u_10931,2023-01-29,NY,NBA,active_mid,3,9,0.533,29.57,0.24,0.3,249.02,0.0,1,35.12,0.543,0.383,0.09,0.0158,63.66
u_10932,2023-02-26,NY,NBA,always_on,0,53,0.837,44.08,0.18,0.45,659.16,0.0,0,0.0,0.824,0.137,0.211,0.0051,100.0
u_10933,2024-04-22,IL,NBA,bonus_seeker,1,21,0.337,22.55,0.48,0.08,30.89,1.0,1,72.1,0.341,0.649,0.348,0.1491,15.0
u_10934,2023-07-03,IL,MLB,dormant_high_value,10,1,0.13,14.24,0.21,0.18,55.05,0.5,2,37.2,0.139,0.73,0.342,0.215,20.47
u_10935,2024-05-30,CO,NHL,casual,7,17,0.402,23.04,0.42,0.2,40.9,1.0,2,50.11,0.3,0.49,0.507,0.1739,24.2
u_10936,2023-03-04,PA,NFL,dormant_high_value,3,1,0.152,15.71,0.27,0.18,57.24,1.0,2,48.8,0.186,0.706,0.37,0.2123,26.73
u_10937,2024-03-22,VA,NHL,always_on,0,15,0.804,37.23,0.11,0.32,396.62,0.0,0,0.0,0.779,0.089,0.211,0.0042,69.35
u_10938,2023-09-18,NY,NBA,dormant_high_value,1,2,0.13,14.4,0.19,0.17,59.08,0.5,2,26.8,0.161,0.753,0.382,0.2412,15.0
u_10939,2024-04-12,PA,NFL,bonus_seeker,1,7,0.239,17.66,0.54,0.13,25.58,0.0,0,0.0,0.308,0.621,0.17,0.073,20.02
u_10940,2024-08-16,IL,NFL,casual,0,1,0.283,19.95,0.37,0.1,21.33,1.0,1,16.77,0.272,0.571,0.32,0.133,25.5
u_10941,2024-07-02,CO,NFL,bonus_seeker,0,4,0.326,23.53,0.51,0.1,13.35,0.0,0,0.0,0.316,0.539,0.508,0.1873,15.57
u_10942,2023-07-21,PA,MLB,active_mid,2,4,0.565,30.71,0.34,0.26,150.51,0.0,1,0.0,0.506,0.435,0.136,0.0292,33.33
u_10943,2024-03-30,PA,MLB,active_mid,0,4,0.511,29.89,0.28,0.24,164.42,1.0,1,38.75,0.511,0.39,0.115,0.0219,33.73
u_10944,2023-06-06,MI,MLB,casual,6,10,0.174,17.83,0.38,0.09,23.13,0.0,1,0.0,0.22,0.61,0.544,0.2587,15.0
u_10945,2023-03-12,NY,NBA,dormant_high_value,4,15,0.109,14.57,0.3,0.15,59.34,1.0,4,39.11,0.224,0.611,0.31,0.1471,25.49
u_10946,2024-07-22,NJ,NBA,dormant_high_value,1,12,0.141,15.38,0.2,0.19,60.64,1.0,2,84.22,0.323,0.531,0.346,0.1244,34.43
u_10947,2023-10-07,NY,NFL,always_on,0,10,0.793,37.72,0.15,0.44,648.6,0.0,1,0.0,0.771,0.245,0.084,0.0047,99.3
u_10948,2023-02-11,IN,NFL,always_on,1,33,0.772,36.41,0.07,0.4,673.88,1.0,1,19.59,0.822,0.091,0.104,0.0017,98.88
u_10949,2023-01-28,NJ,NBA,bonus_seeker,0,9,0.446,26.47,0.55,0.09,34.39,0.5,2,33.82,0.243,0.569,0.246,0.1059,26.08
u_10950,2023-03-06,TN,NFL,active_mid,1,0,0.565,32.01,0.26,0.31,208.17,0.0,1,0.0,0.613,0.332,0.101,0.013,54.28
u_10951,2023-08-27,CO,NFL,active_mid,1,5,0.63,33.48,0.31,0.29,176.63,0.0,1,20.66,0.592,0.286,0.171,0.0199,31.22
u_10952,2023-12-08,TN,NBA,dormant_high_value,3,0,0.163,15.22,0.28,0.22,132.33,0.0,3,0.0,0.077,0.803,0.236,0.175,15.85
u_10953,2024-06-13,VA,MLB,always_on,0,32,0.728,38.21,0.16,0.44,491.06,0.0,0,0.0,0.763,0.213,0.046,0.0023,91.24
u_10954,2023-05-13,PA,Other,casual,5,0,0.326,18.97,0.33,0.15,98.39,1.0,1,30.75,0.336,0.585,0.265,0.1032,26.87
u_10955,2024-01-30,NY,Other,casual,1,20,0.293,20.92,0.37,0.12,66.12,0.0,1,0.0,0.418,0.472,0.285,0.0784,24.38
u_10956,2024-03-15,NJ,NBA,bonus_seeker,2,9,0.261,18.64,0.53,0.1,20.34,0.0,0,0.0,0.301,0.505,0.072,0.0255,15.06
u_10957,2023-05-24,NY,NBA,dormant_high_value,7,2,0.293,21.25,0.24,0.22,80.65,1.0,2,34.88,0.351,0.468,0.304,0.0923,22.98
u_10958,2023-04-12,MA,NBA,dormant_high_value,5,21,0.076,12.93,0.27,0.2,34.88,1.0,2,54.86,0.145,0.714,0.399,0.2435,25.25
u_10959,2024-08-05,NY,MLB,active_mid,1,50,0.413,24.67,0.35,0.25,134.45,1.0,1,24.19,0.398,0.469,0.513,0.145,38.35
u_10960,2023-06-30,PA,NFL,dormant_high_value,7,20,0.152,17.34,0.27,0.25,74.43,0.667,3,23.59,0.183,0.75,0.442,0.271,29.83
u_10961,2024-04-18,PA,NBA,active_mid,0,46,0.511,29.89,0.26,0.3,119.82,0.5,2,22.52,0.443,0.46,0.282,0.0724,46.23
u_10962,2023-11-07,VA,NHL,casual,0,4,0.359,23.37,0.36,0.16,61.32,1.0,1,32.89,0.275,0.686,0.166,0.0825,19.55
u_10963,2023-08-20,NY,NFL,casual,3,20,0.174,16.52,0.35,0.18,57.54,0.5,2,9.2,0.386,0.523,0.106,0.0341,26.86
u_10964,2024-10-08,NJ,NBA,casual,1,4,0.261,16.36,0.32,0.16,38.71,1.0,1,20.06,0.338,0.591,0.269,0.1052,15.0
u_10965,2024-10-09,NJ,NBA,casual,5,10,0.337,22.55,0.41,0.14,42.16,0.0,1,0.0,0.29,0.597,0.356,0.1508,19.32
u_10966,2023-10-06,VA,NFL,active_mid,0,54,0.511,30.54,0.28,0.29,115.99,1.0,1,36.89,0.571,0.356,0.047,0.0072,32.28
u_10967,2023-06-15,IL,NFL,casual,7,6,0.098,13.42,0.3,0.19,9.44,0.667,3,37.19,0.296,0.632,0.471,0.2098,15.0
u_10968,2024-01-07,NY,NFL,bonus_seeker,0,4,0.402,25.98,0.59,0.15,26.53,1.0,1,39.41,0.424,0.421,0.166,0.0403,17.99
u_10969,2023-11-30,NJ,NFL,bonus_seeker,2,1,0.337,25.49,0.53,0.14,31.94,0.0,0,0.0,0.258,0.62,0.371,0.1707,15.0
u_10970,2024-02-10,NY,NFL,active_mid,0,3,0.652,34.62,0.32,0.26,158.73,1.0,1,30.42,0.498,0.392,0.039,0.0076,30.53
u_10971,2023-07-31,NJ,NHL,always_on,0,16,0.783,37.88,0.21,0.41,384.45,0.0,0,0.0,0.753,0.269,0.01,0.0007,68.69
u_10972,2023-08-05,VA,NFL,active_mid,2,1,0.446,26.96,0.28,0.3,99.18,0.5,2,17.32,0.543,0.419,0.094,0.0179,41.29
u_10973,2023-11-09,MI,NBA,casual,0,14,0.293,20.6,0.36,0.13,62.16,1.0,2,32.42,0.375,0.464,0.102,0.0295,24.72
u_10974,2024-08-27,PA,NFL,dormant_high_value,5,10,0.239,17.34,0.26,0.19,157.19,1.0,2,57.54,0.241,0.617,0.409,0.1913,27.43
u_10975,2023-09-18,IN,Other,casual,1,25,0.293,19.95,0.43,0.15,49.56,0.5,2,24.31,0.262,0.58,0.119,0.0508,18.33
u_10976,2023-07-01,NY,NFL,bonus_seeker,0,1,0.348,25.0,0.52,0.13,15.71,0.0,1,20.5,0.257,0.644,0.373,0.1784,24.9
u_10977,2024-09-15,MA,NBA,dormant_high_value,1,7,0.152,14.73,0.28,0.18,85.4,1.0,2,31.12,0.045,0.82,0.378,0.2957,17.86
u_10978,2023-04-19,IN,NHL,bonus_seeker,0,4,0.446,26.47,0.52,0.12,33.36,0.0,0,0.0,0.452,0.484,0.411,0.109,15.0
u_10979,2024-07-24,PA,NHL,bonus_seeker,3,6,0.326,20.92,0.56,0.12,18.55,1.0,2,60.86,0.376,0.478,0.078,0.0234,23.19
u_10980,2024-04-01,MA,NFL,casual,0,6,0.207,17.66,0.34,0.14,42.11,0.5,2,15.2,0.361,0.615,0.261,0.1024,24.8
u_10981,2023-08-23,NY,NHL,active_mid,0,28,0.609,30.87,0.33,0.29,333.36,1.0,1,38.06,0.472,0.511,0.265,0.0716,60.26
u_10982,2023-04-14,NY,NBA,dormant_high_value,1,1,0.196,17.99,0.28,0.21,69.18,1.0,3,51.11,0.311,0.548,0.222,0.0838,30.57
u_10983,2023-04-24,NJ,NBA,dormant_high_value,7,24,0.207,17.5,0.22,0.23,91.05,1.0,3,40.15,0.202,0.626,0.306,0.1532,29.46
u_10984,2024-05-28,PA,NFL,active_mid,0,6,0.489,29.4,0.28,0.29,167.28,0.0,1,19.26,0.582,0.341,0.182,0.026,50.2
u_10985,2023-07-03,MA,NFL,bonus_seeker,1,13,0.283,21.25,0.48,0.07,15.74,1.0,1,32.51,0.289,0.579,0.343,0.1412,15.0
u_10986,2024-03-06,VA,MLB,active_mid,0,1,0.522,27.77,0.34,0.27,137.91,0.0,1,0.0,0.466,0.541,0.172,0.0496,32.14
u_10987,2024-10-29,IL,NBA,casual,0,1,0.424,24.18,0.31,0.17,42.06,1.0,1,20.62,0.328,0.574,0.196,0.0756,17.71
u_10988,2023-03-18,IN,NBA,casual,6,3,0.174,13.91,0.38,0.17,35.58,1.0,1,26.87,0.228,0.672,0.456,0.2364,20.74
u_10989,2023-11-08,MI,MLB,active_mid,2,12,0.511,30.71,0.31,0.36,137.51,1.0,1,32.94,0.493,0.39,0.228,0.0452,39.71
u_10990,2023-08-02,NJ,MLB,active_mid,0,25,0.543,33.32,0.27,0.34,155.31,0.0,1,14.95,0.569,0.404,0.152,0.0265,41.53
u_10991,2024-02-29,CO,NFL,active_mid,0,17,0.598,33.32,0.34,0.35,183.7,0.0,1,0.0,0.53,0.274,0.164,0.0212,39.47
u_10992,2023-04-17,NJ,NBA,casual,13,0,0.207,16.52,0.21,0.18,16.97,0.0,1,0.0,0.157,0.717,0.307,0.1855,21.62
u_10993,2023-09-08,MA,NFL,bonus_seeker,1,0,0.359,23.53,0.47,0.1,29.47,1.0,1,39.41,0.327,0.626,0.303,0.1279,15.0
u_10994,2024-10-19,VA,MLB,casual,1,3,0.261,20.76,0.33,0.19,56.62,1.0,2,36.15,0.314,0.498,0.366,0.1251,22.13
u_10995,2023-04-10,NJ,MLB,dormant_high_value,33,27,0.087,11.96,0.3,0.22,41.62,1.0,2,25.28,0.075,0.795,0.255,0.1873,24.11
u_10996,2024-07-04,MA,Other,always_on,0,82,0.761,35.76,0.24,0.37,417.77,0.0,0,0.0,0.832,0.213,0.064,0.0023,85.65
u_10997,2024-01-31,IL,NFL,dormant_high_value,4,0,0.163,16.2,0.21,0.16,115.41,1.0,2,53.32,0.209,0.582,0.334,0.1539,43.74
u_10998,2023-04-25,IL,NFL,always_on,0,54,0.88,45.22,0.21,0.44,422.71,0.5,2,48.38,0.825,0.178,0.024,0.0007,77.47
u_10999,2023-08-08,PA,NFL,casual,17,11,0.196,16.68,0.37,0.17,68.5,1.0,1,33.03,0.249,0.646,0.252,0.1221,32.34
